PLAYER,YEAR,POS,HEIGHT,WEIGHT,STANDING REACH,WINGSPAN,STANDING VERTICAL,VERTICAL LEAP,LANE AGILITY,THREE QUARTER SPRINT
Ochai Agbaji,2022,SG,76.5,216.8,104.0,82.25,32.0,39.0,10.77,3.13
Patrick Baldwin Jr.,2022,SF,81.25,230.8,110.5,85.75,23.5,26.5,12.25,3.45
Dominick Barlow,2022,PF,80.75,221.0,108.5,87.0,28.5,34.0,11.29,3.33
MarJon Beauchamp,2022,SG,77.25,196.6,106.0,84.75,29.7,35.2,11.3,3.3
Hugo Besson,2022,SG,76.5,180.4,102.0,77.5,24.5,31.5,11.36,3.4
Malaki Branham,2022,SG,76.0,194.8,102.5,82.0,29.0,35.0,11.38,3.17
Christian Braun,2022,SG,77.5,209.2,99.5,78.5,33.5,40.0,11.0,3.16
Kendall Brown,2022,SF,78.25,201.2,103.0,83.0,31.5,41.0,11.57,3.29
John Butler Jr.,2022,PF,83.75,174.4,112.0,86.25,26.5,28.5,11.16,3.33
Julian Champagnie,2022,SF,78.25,212.4,107.0,82.0,28.5,34.5,11.39,3.14
Kennedy Chandler,2022,PG,71.5,172.2,97.0,77.25,31.0,41.5,10.73,3.2
Max Christie,2022,SG,76.25,189.2,102.5,80.75,32.0,37.5,10.82,3.07
Kofi Cockburn,2022,C,83.0,293.0,110.5,88.25,29.5,32.5,12.11,3.33
Dyson Daniels,2022,SG,78.0,195.2,105.0,82.5,29.0,34.0,10.81,3.22
Johnny Davis,2022,PG,76.25,196.4,103.5,80.5,29.8,35.5,11.2,3.2
JD Davison,2022,PG,72.5,191.8,99.5,78.5,30.0,37.0,11.38,3.26
Moussa Diabate,2022,C,81.25,216.6,109.5,86.5,29.0,36.5,11.16,3.26
Tari Eason,2022,PF,78.75,217.4,107.5,86.0,29.0,34.1,11.5,3.3
Keon Ellis,2022,SG,75.5,167.4,102.0,80.5,28.0,35.5,10.87,3.18
Michael Foster Jr.,2022,C,79.75,236.6,109.5,84.25,28.0,32.5,11.49,3.22
Collin Gillespie,2022,PG,73.5,195.8,98.0,76.0,26.5,33.0,10.95,3.21
Ron Harper Jr.,2022,SF,76.0,240.4,105.5,85.25,26.0,30.5,11.41,3.4
Harrison Ingram,2022,SF,77.25,232.8,103.5,84.25,29.5,35.0,11.83,3.31
Nikola Jovic,2022,SF,81.5,222.6,108.5,84.25,28.6,33.3,11.6,3.3
Johnny Juzang,2022,SG,77.25,208.6,102.5,83.0,27.5,32.5,11.03,3.29
Trevor Keels,2022,SG,75.25,223.8,101.0,79.25,24.5,31.0,11.33,3.27
Walker Kessler,2022,C,84.25,256.0,113.0,88.25,27.5,31.5,12.0,3.4
Christian Koloko,2022,C,82.75,221.0,113.0,89.25,28.0,33.5,11.3,3.27
Jake LaRavia,2022,PF,78.75,227.2,104.0,81.5,27.5,34.0,10.58,3.37
Justin Lewis,2022,PF,78.25,235.4,105.5,86.5,32.5,35.0,11.49,3.23
E.J. Liddell,2022,PF,77.5,243.0,103.5,83.75,35.5,38.0,11.11,3.26
Bennedict Mathurin,2022,SG,76.5,204.6,104.0,81.0,29.6,35.1,11.3,3.3
Matthew Mayer,2022,SF,80.0,216.4,105.0,82.5,25.5,31.5,10.74,3.39
Bryce McGowens,2022,SG,77.25,181.2,103.5,80.75,29.5,34.0,11.12,3.27
Leonard Miller,2022,SF,80.5,211.0,106.5,86.0,30.0,36.5,11.11,3.36
Aminu Mohammed,2022,SG/SF,75.5,212.8,104.0,83.0,29.5,36.0,11.54,3.33
Iverson Molinar,2022,PG,74.25,183.2,101.0,80.0,31.0,38.0,11.23,3.19
Jean Montero,2022,PG,73.0,171.8,98.5,77.25,29.5,37.0,11.19,3.17
Wendell Moore,2022,SG,76.25,217.2,101.0,84.5,32.5,38.5,10.94,3.3
Andrew Nembhard,2022,PG,75.0,195.6,99.0,77.75,26.5,35.0,10.46,3.26
Scotty Pippen Jr.,2022,PG,72.0,180.0,95.5,77.75,30.5,37.5,11.07,3.21
Gabriele Procida,2022,SG/SF,77.75,192.8,106.0,80.0,29.5,35.0,11.02,3.07
Orlando Robinson,2022,C,81.75,244.4,111.0,88.0,23.0,27.5,11.4,3.55
David Roddy,2022,PF,76.5,260.8,105.0,83.5,27.0,35.5,10.75,3.22
Ryan Rollins,2022,SG,74.0,179.2,100.5,81.75,30.5,36.5,11.26,3.07
Dereon Seabron,2022,SG,76.75,182.4,103.5,80.75,30.5,38.0,11.03,3.12
Shaedon Sharpe,2022,SG,76.25,198.0,103.5,83.5,29.8,35.4,11.2,3.2
Terquavion Smith,2022,SG,74.25,165.2,98.0,78.5,30.5,38.5,10.63,3.14
Matteo Spagnolo,2022,PG,76.0,196.2,102.0,80.0,25.5,31.5,11.42,3.4
Julian Strawther,2022,SF,77.75,207.6,104.5,81.5,28.5,35.0,10.3,3.26
Dalen Terry,2022,SG,78.0,195.2,106.0,84.75,29.6,35.1,11.3,3.3
Drew Timme,2022,C,80.25,231.6,107.5,86.0,25.5,31.5,11.71,3.38
Jabari Walker,2022,PF,78.75,213.8,105.0,82.75,29.5,32.5,11.53,3.24
TyTy Washington Jr.,2022,SG,74.25,196.4,99.5,80.0,30.1,35.9,11.2,3.2
Peyton Watson,2022,SF,78.75,203.4,107.5,84.5,28.0,33.5,11.03,3.28
Blake Wesley,2022,SG,75.0,187.2,103.0,81.25,30.0,36.0,11.55,3.21
Alondes Williams,2022,SG,75.75,209.0,102.0,79.0,30.0,35.5,10.96,3.15
Jalen Williams,2022,SG,76.5,209.2,105.5,86.25,33.5,39.0,11.13,3.11
Jaylin Williams,2022,C,80.75,236.6,108.5,85.0,24.5,30.0,11.64,3.5
Mark Williams,2022,C,84.0,242.4,117.0,90.5,27.8,32.0,11.9,3.4
Trevion Williams,2022,C,79.25,264.6,108.5,86.75,27.5,30.0,12.75,3.48
Max Abmas,2021,PG,70.5,161.8,94.0,73.75,28.5,32.5,10.9,3.12
Marcus Bagley,2021,SF,78.0,216.8,102.5,83.0,32.5,38.5,12.26,3.17
Scottie Barnes,2021,SF,79.0,225.4,108.0,86.75,36.0,39.5,10.88,3.15
Charles Bassey,2021,C,81.25,230.2,107.5,87.0,33.0,36.0,12.19,3.13
Brandon Boston Jr.,2021,SF,77.75,188.0,104.0,82.75,29.8,35.5,11.2,3.2
James Bouknight,2021,SG,75.5,190.0,101.5,80.25,30.0,35.9,11.2,3.2
Greg Brown III,2021,PF,79.25,206.4,107.0,84.25,33.5,39.0,10.98,3.19
Jared Butler,2021,PG,74.25,193.0,98.5,76.0,30.1,36.0,11.1,3.2
Justin Champagnie,2021,PF,77.75,206.4,104.0,81.5,27.0,35.0,11.94,3.34
Josh Christopher,2021,SG,75.25,214.8,101.0,81.25,29.5,37.5,11.32,3.14
Ayo Dosunmu,2021,SG,75.5,194.4,102.0,82.25,27.0,33.5,11.51,3.23
David Duke Jr.,2021,SG,76.25,203.6,102.5,80.75,30.0,39.0,11.21,3.08
Kessler Edwards,2021,PF,79.0,203.0,106.0,83.25,28.0,37.0,11.3,3.25
Luka Garza,2021,C,82.0,242.8,107.5,85.5,24.0,29.5,11.9,3.51
RaiQuan Gray,2021,PF,78.5,268.6,105.0,82.75,26.5,31.5,11.69,3.25
Quentin Grimes,2021,SG,76.0,205.0,101.0,80.0,30.5,38.5,11.09,3.07
Sam Hauser,2021,SF,78.75,217.4,102.0,81.25,28.5,34.5,11.14,3.34
Aaron Henry,2021,SF,76.5,209.6,103.5,82.75,29.0,35.0,11.68,3.07
Ariel Hukporti,2021,C,82.75,246.0,111.5,86.5,24.5,31.0,12.2,3.12
Matt Hurt,2021,PF,80.5,232.4,106.5,81.5,25.5,32.5,11.44,3.34
Nah'Shon Hyland,2021,SG,74.0,169.0,101.5,81.25,26.5,34.0,10.53,3.1
David Johnson,2021,SG,75.25,202.8,104.0,82.5,33.0,39.0,12.02,3.03
Jalen Johnson,2021,PF,79.75,209.6,106.0,84.25,29.1,34.2,11.5,3.3
Keon Johnson,2021,SG,75.5,184.8,97.0,79.25,41.5,48.0,11.45,3.0
Carlik Jones,2021,PG,72.0,173.6,97.5,77.0,31.5,36.0,10.96,3.16
Herbert Jones,2021,SF,78.0,206.4,106.0,84.25,28.5,36.5,11.02,3.25
Kai Jones,2021,PF,82.0,221.4,110.5,85.75,28.5,33.3,11.6,3.3
Corey Kispert,2021,SF,78.0,223.8,102.0,79.0,30.0,37.5,10.91,3.12
AJ Lawson,2021,SG/SF,77.5,179.2,99.5,78.75,33.0,41.0,11.0,2.98
Scottie Lewis,2021,SF,76.0,187.6,101.5,84.0,34.0,42.0,10.45,2.98
Isaiah Livers,2021,SF,77.75,231.8,104.5,81.25,28.9,33.8,11.5,3.3
Makur Maker,2021,C,82.25,232.2,112.0,85.75,25.5,31.0,11.87,3.34
Sandro Mamukelashvili,2021,C,81.0,239.8,106.5,85.25,30.5,36.5,11.63,3.21
Tre Mann,2021,PG,75.25,177.6,98.5,76.0,30.3,36.4,11.1,3.2
Miles McBride,2021,PG,73.0,195.2,99.5,80.75,31.0,38.5,11.08,3.1
Davion Mitchell,2021,PG,72.0,202.4,96.5,76.25,30.2,36.1,11.1,3.2
Isaiah Mobley,2021,PF,80.0,238.0,107.5,87.0,26.5,32.0,12.7,3.3
Moses Moody,2021,SG,76.5,210.6,105.0,84.75,29.5,34.9,11.3,3.3
Trey Murphy III,2021,SF,79.5,206.0,105.5,84.0,34.0,38.0,11.65,3.14
Daishen Nix,2021,PG,75.0,225.6,100.0,78.75,29.5,36.5,11.72,3.0
John Petty Jr.,2021,SG,76.5,186.2,103.5,81.5,27.5,34.0,11.51,3.35
Yves Pons,2021,PF,77.5,206.4,104.0,84.75,36.0,42.5,10.89,3.1
Jason Preston,2021,PG,75.0,180.6,100.5,80.5,30.5,38.5,10.82,3.13
Joshua Primo,2021,SG,76.0,189.0,102.5,81.25,30.5,37.5,10.97,3.22
Roko Prkacin,2021,PF,79.5,225.4,107.0,83.0,28.8,33.7,11.6,3.3
Neemias Queta,2021,C,83.25,248.4,112.5,88.0,27.0,33.0,11.85,3.29
Austin Reaves,2021,SG,76.5,197.2,101.0,78.25,25.0,35.0,10.94,3.07
Jeremiah Robinson-Earl,2021,PF,79.75,242.4,105.5,81.75,27.0,32.0,11.64,3.29
Terrence Shannon Jr.,2021,SF,77.5,206.6,100.0,80.25,32.5,39.5,11.51,3.21
Jericho Sims,2021,C,81.0,250.2,106.0,87.25,37.0,44.5,11.59,3.05
Jaden Springer,2021,SG,75.0,202.0,99.0,79.75,34.5,41.5,11.46,3.13
DJ Steward,2021,PG,72.75,162.2,98.5,79.0,34.5,38.5,11.14,3.08
JT Thor,2021,PF,80.5,203.0,110.0,87.25,31.5,35.0,12.19,3.06
Isaiah Todd,2021,PF,80.75,219.0,107.5,85.25,28.5,35.5,11.38,3.31
Duane Washington Jr.,2021,SG,74.25,196.8,101.0,79.75,29.5,35.5,11.5,3.17
Trendon Watford,2021,PF,79.5,237.4,105.0,86.25,28.0,35.0,11.69,3.27
Joe Wieskamp,2021,SF,77.75,204.8,103.0,83.0,30.0,42.0,10.7,3.04
Aaron Wiggins,2021,SG/SF,76.5,190.0,103.0,81.75,29.5,36.0,11.2,3.04
Ziaire Williams,2021,SF,80.25,188.4,106.5,82.25,34.0,39.5,10.69,3.12
McKinley Wright IV,2021,PG,71.25,192.2,94.0,77.25,31.5,38.0,10.76,3.08
Moses Wright,2021,PF,79.75,225.8,107.0,84.75,31.5,38.0,11.2,3.15
Marcus Zegarowski,2021,PG,72.75,180.8,96.0,74.75,30.0,35.5,11.47,3.11
Precious Achiuwa,2020,PF,79.5,234.0,108.5,84.75,28.6,33.3,11.6,3.3
Ty-Shon Alexander,2020,SG,74.0,200.8,100.0,80.0,28.0,33.0,11.33,3.26
Udoka Azubuike,2020,C,82.0,259.5,109.0,91.25,37.0,41.0,11.82,3.23
Tyler Bey,2020,PF,78.0,212.8,105.5,85.25,37.0,43.5,11.35,3.17
Yoeli Childs,2020,PF,78.0,226.4,106.0,83.5,34.0,38.5,10.87,3.22
Mamadi Diakite,2020,PF,80.5,222.1,107.0,87.75,28.0,37.0,11.95,3.16
Devon Dotson,2020,PG,72.5,185.2,95.0,75.0,31.5,40.5,10.44,3.02
Paul Eboua,2020,SF/PF,78.0,222.2,108.0,87.5,33.0,35.5,10.79,3.19
CJ Elleby,2020,SG/SF,77.5,198.6,100.5,79.25,30.5,36.5,11.25,3.25
Trent Forrest,2020,PG,75.5,203.0,102.5,79.5,28.0,34.5,11.04,3.18
Josh Green,2020,SG/SF,76.5,214.0,101.5,81.75,30.5,39.5,10.64,3.12
Ashton Hagans,2020,PG,73.5,193.0,99.5,80.0,29.5,36.5,10.82,3.13
Joshua Hall,2020,SF,78.0,196.6,104.5,83.0,31.5,37.5,12.16,3.38
Jalen Harris,2020,SG,74.75,193.4,97.5,79.0,37.5,42.5,10.59,3.11
Markus Howard,2020,PG,69.5,170.8,91.5,72.25,30.5,35.5,11.21,3.11
Elijah Hughes,2020,SG/SF,76.75,229.0,101.5,79.5,29.0,34.1,11.5,3.3
Isaiah Joe,2020,SG,75.0,170.4,101.0,79.5,30.5,36.7,11.0,3.2
Mason Jones,2020,SG,75.75,207.2,102.5,79.0,24.0,31.0,10.6,3.33
Nathan Knight,2020,PF/C,80.0,235.0,109.5,86.0,23.0,31.5,11.56,3.31
Theo Maledon,2020,PG,76.0,187.4,100.5,80.75,30.0,35.9,11.2,3.2
Karim Mane,2020,PG/SG,77.0,196.0,102.0,83.0,31.0,36.0,11.52,3.04
Naji Marshall,2020,SF,77.75,233.5,102.5,84.75,28.5,35.0,11.77,3.37
Kenyon Martin Jr.,2020,SF/PF,78.0,213.2,102.0,79.25,31.5,38.5,11.93,3.16
Skylar Mays,2020,SG,75.0,204.0,99.0,78.0,29.0,37.5,10.65,3.3
Zeke Nnaji,2020,PF/C,81.25,246.8,105.5,86.0,33.0,38.0,10.94,3.2
Jordan Nwora,2020,SF/PF,77.75,223.0,104.0,82.25,29.0,35.0,11.29,3.43
Reggie Perry,2020,PF/C,80.25,249.6,106.5,84.25,30.0,33.5,11.26,3.25
Myles Powell,2020,PG/SG,72.5,194.0,99.0,79.0,30.3,36.4,11.1,3.2
Immanuel Quickley,2020,SG,74.0,185.8,99.0,80.25,29.5,35.5,11.21,3.17
Jahmi'us Ramsey,2020,SG,74.5,193.4,100.5,78.0,30.1,36.0,11.1,3.2
Paul Reed Jr.,2020,PF,80.5,219.2,109.5,86.0,26.5,37.5,12.29,3.45
Nick Richards,2020,C,82.5,241.6,110.0,86.25,30.0,34.0,11.42,3.25
Grant Riller,2020,PG/SG,72.25,178.4,96.5,77.25,32.5,39.5,11.17,3.07
Jayden Scrubb,2020,SG/SF,77.0,185.2,104.5,81.5,29.9,35.7,11.2,3.2
Jalen Smith,2020,PF/C,81.25,224.6,110.0,86.25,28.5,33.3,11.6,3.3
Cassius Stanley,2020,SG,77.0,201.6,99.5,79.0,34.5,44.0,11.4,3.09
Lamar Stevens,2020,SF/PF,77.75,228.0,101.0,81.0,35.0,41.0,10.35,3.2
Isaiah Stewart,2020,C,79.25,243.0,108.5,88.75,28.4,33.0,11.7,3.3
Tyrell Terry,2020,PG,73.5,170.0,96.0,73.75,30.0,34.0,10.78,3.28
Killian Tillie,2020,PF,80.75,221.6,106.0,80.0,27.5,32.0,11.6,3.4
Xavier Tillman Sr.,2020,PF/C,79.5,266.5,106.0,86.0,26.0,32.5,11.8,3.49
Kaleb Wesson,2020,C,81.25,252.6,111.5,87.5,21.5,27.0,11.73,3.6
Kahlil Whitney,2020,SF,77.5,205.0,105.5,84.25,29.0,39.0,11.17,3.28
Cassius Winston,2020,PG,72.5,196.0,97.0,78.0,24.0,28.0,11.15,3.61
Robert Woodard II,2020,SF,77.5,230.2,105.5,86.0,32.0,38.0,11.1,3.18
Nickeil Alexander-Walker,2019,SG,76.25,203.8,102.0,81.5,29.6,35.2,11.3,3.3
Darius Bazley,2019,PF,79.75,208.4,107.0,84.0,30.5,37.0,11.09,3.27
Bol Bol,2019,C,84.75,208.0,115.5,91.0,28.4,33.2,11.6,3.4
Jordan Bone,2019,SG,73.5,179.0,95.0,75.25,36.0,42.5,9.97,3.08
Brian Bowen II,2019,SF,78.25,200.0,103.0,82.0,32.0,35.5,10.98,3.26
Ky Bowman,2019,PG,73.0,181.2,98.0,79.0,27.5,33.0,11.11,3.26
Ignas Brazdeikis,2019,SF,77.75,220.8,102.0,81.25,31.0,36.5,11.06,3.36
O'Shae Brissett,2019,SF/PF,79.0,203.2,104.0,84.0,34.0,37.5,11.3,3.48
Moses Brown,2019,C,85.25,237.2,113.0,88.75,27.0,31.0,11.95,3.51
Brandon Clarke,2019,SF,79.25,207.2,102.0,80.25,34.0,40.5,10.61,3.15
Nicolas Claxton,2019,C,82.0,216.6,110.0,86.5,31.5,36.5,11.26,3.36
Tyler Cook,2019,PF,79.25,245.4,106.5,84.5,27.5,32.0,11.32,3.28
Jarrett Culver,2019,SG,77.25,194.2,100.5,81.5,29.7,35.3,11.3,3.2
Terence Davis,2019,SG,75.0,192.4,101.0,80.75,29.5,34.0,10.69,3.28
Luguentz Dort,2019,PG,74.75,222.2,99.5,80.5,32.5,38.0,10.79,3.22
Carsen Edwards,2019,PG,70.75,199.4,94.5,78.0,28.5,34.0,10.53,3.22
Tacko Fall,2019,C,89.25,288.8,122.5,98.25,22.0,26.5,13.01,3.78
Bruno Fernando,2019,C,80.75,237.0,110.0,87.25,29.5,33.5,11.29,3.21
Daniel Gafford,2019,PF,81.25,237.6,110.0,86.25,32.5,36.5,11.61,3.25
Kyle Guy,2019,SG,72.75,167.8,95.5,76.5,30.5,36.5,10.48,3.27
Jaylen Hands,2019,PG,73.5,180.4,97.0,77.5,33.0,41.5,10.73,3.12
Jared Harper,2019,PG,69.75,169.2,94.0,77.5,33.5,40.5,10.77,3.04
Jaxson Hayes,2019,PF,82.25,218.6,110.5,87.5,27.0,34.5,11.74,3.37
Dewan Hernandez,2019,C,81.0,232.8,107.0,85.75,30.5,35.5,11.46,3.28
Tyler Herro,2019,SG,76.5,192.4,100.5,75.25,29.8,35.6,11.2,3.2
Jalen Hoard,2019,PF,79.25,212.6,105.5,84.75,27.5,35.5,11.44,3.34
Talen Horton-Tucker,2019,SG,74.5,235.4,103.0,85.25,26.0,34.5,11.34,3.34
DaQuan Jeffries,2019,SF/PF,76.0,215.6,104.0,83.25,29.4,34.8,11.4,3.3
Ty Jerome,2019,PG,76.25,194.4,98.0,76.0,26.0,31.5,11.21,3.4
Cameron Johnson,2019,SG,79.0,205.2,103.0,82.0,30.5,36.5,10.52,3.26
Keldon Johnson,2019,SG,76.75,216.4,104.0,81.25,29.3,34.6,11.4,3.3
Mfiondu Kabengele,2019,PF,80.75,256.2,109.5,87.0,28.0,35.5,11.21,3.25
Louis King,2019,SF,78.75,195.2,104.5,84.25,29.0,33.0,10.99,3.28
Dedric Lawson,2019,PF,79.0,233.0,107.5,86.25,23.5,26.0,11.8,3.6
Jalen Lecque,2019,PG,74.5,185.2,98.5,80.5,35.0,43.0,11.09,3.29
Nassir Little,2019,SF,76.5,224.2,104.5,85.25,31.0,38.5,12.15,3.24
Terance Mann,2019,SG/SF,76.75,204.6,101.0,79.75,32.5,38.5,11.51,3.3
Cody Martin,2019,PG/SG,76.75,192.2,102.5,82.25,28.0,35.5,10.44,3.32
Charles Matthews,2019,SG,77.0,194.8,103.0,81.5,29.5,37.5,11.26,3.38
Jalen McDaniels,2019,SF,80.25,191.6,105.5,84.25,29.5,33.5,11.54,3.32
Zach Norvell Jr.,2019,SG,76.5,206.4,101.0,78.0,24.0,30.0,11.6,3.43
Jaylen Nowell,2019,SG,75.25,202.4,98.0,79.25,32.0,38.5,10.76,3.23
KZ Okpala,2019,SF,79.25,209.6,106.5,85.75,30.5,37.0,10.88,3.38
Miye Oni,2019,SG,76.25,205.6,100.5,82.75,30.5,38.5,11.71,3.17
Eric Paschall,2019,SF,78.0,254.4,103.5,83.75,33.0,38.0,11.63,3.3
Shamorie Ponds,2019,PG,71.5,180.0,96.5,75.5,29.0,37.0,11.01,3.2
Jordan Poole,2019,SG,75.5,190.8,99.5,78.75,28.0,35.5,10.59,3.27
Kevin Porter Jr.,2019,SG,76.0,212.6,103.0,81.0,27.0,34.0,10.82,3.14
Jontay Porter,2019,PF,81.75,210.4,109.5,84.0,28.8,33.8,11.5,3.3
Cameron Reddish,2019,SF,78.5,207.8,105.5,84.5,29.3,34.5,11.4,3.3
Naz Reid,2019,PF,80.75,255.8,109.0,87.25,26.0,32.5,12.03,3.42
Isaiah Roby,2019,PF,79.25,214.0,106.0,85.0,32.5,35.5,10.63,3.25
Luka Samanic,2019,PF,81.5,227.2,107.0,82.5,27.0,38.0,11.01,3.27
Admiral Schofield,2019,SF,76.0,240.6,102.5,81.75,30.0,34.0,10.77,3.37
Marial Shayok,2019,SF/PF,76.5,196.8,103.5,84.25,29.5,36.5,11.16,3.37
Simisola Shittu,2019,PF,80.5,227.2,106.0,85.25,27.0,35.5,11.85,3.3
P.J. Washington,2019,PF,78.5,230.4,106.5,86.25,28.8,33.7,11.6,3.3
Tremont Waters,2019,PG,69.5,172.4,93.5,74.25,30.5,40.5,10.76,3.07
Quinndary Weatherspoon,2019,SG,75.0,206.6,100.0,81.0,31.0,38.0,11.57,3.16
Coby White,2019,PG,75.5,191.4,97.5,77.0,30.0,35.8,11.2,3.2
Kris Wilkes,2019,SF,78.25,208.8,103.0,82.75,27.5,35.0,10.39,3.34
Grant Williams,2019,PF,77.75,240.2,104.5,81.75,26.0,31.5,10.83,3.33
Dylan Windler,2019,SF,78.25,195.8,104.5,82.0,29.0,37.5,10.7,3.3
Rawle Alkins,2018,SG,74.75,217.4,99.0,80.75,32.5,40.5,11.5,3.15
Grayson Allen,2018,SG,75.0,198.0,97.0,79.25,32.5,40.5,10.31,3.15
Kostas Antetokounmpo,2018,PF,81.0,194.8,110.0,86.25,29.5,35.0,12.48,3.21
Mohamed Bamba,2018,C,83.25,225.6,115.5,94.0,28.3,32.9,11.7,3.4
Jaylen Barford,2018,PG/SG,73.25,207.6,96.5,75.5,27.0,33.0,11.39,3.31
Keita Bates-Diop,2018,SG/SF,79.25,223.8,106.5,87.25,30.5,35.0,11.2,3.17
Tyus Battle,2018,SG,77.0,200.2,102.0,81.0,32.0,37.5,11.04,3.07
Brian Bowen,2018,SG/SF,78.25,202.0,103.5,82.25,30.5,34.0,11.58,3.28
Miles Bridges,2018,SF,77.25,220.4,103.5,81.5,29.2,34.3,11.4,3.3
Bruce Brown,2018,PG/SG,75.5,194.6,98.5,81.0,32.5,38.0,11.11,3.2
Troy Brown,2018,SF,77.75,208.0,105.0,82.25,26.0,33.0,11.51,3.33
Jalen Brunson,2018,PG,73.0,198.4,96.0,76.0,29.0,37.0,10.59,3.15
Tony Carr,2018,PG,75.0,198.8,100.0,80.25,25.0,31.5,11.89,3.17
Jevon Carter,2018,PG,72.25,196.2,95.0,76.25,29.0,36.5,11.04,3.18
Wendell Carter,2018,PF/C,80.75,251.4,109.0,88.5,28.0,32.4,11.8,3.4
Hamidou Diallo,2018,SG,76.25,197.0,103.0,83.5,32.5,40.5,10.53,3.1
Donte DiVincenzo,2018,SG,75.5,200.6,97.5,78.0,34.5,42.0,10.72,3.11
Trevon Duval,2018,PG,73.5,191.0,97.5,80.25,34.0,41.5,10.93,3.18
Jacob Evans,2018,SG/SF,76.25,199.6,102.5,81.25,28.0,35.5,11.11,3.2
Keenan Evans,2018,PG,73.5,183.2,98.0,77.25,30.4,36.6,11.0,3.2
Melvin Frazier,2018,SG/SF,76.5,198.2,105.0,85.75,31.0,40.5,11.24,3.08
Shai Gilgeous-Alexander,2018,PG,76.5,180.0,104.0,83.5,30.1,36.0,11.1,3.2
Devonte Graham,2018,PG,72.25,186.4,96.0,78.25,31.0,37.0,11.28,3.21
Isaac Haas,2018,C,85.25,303.0,111.5,89.0,26.4,29.5,12.3,3.5
Devon Hall,2018,SG,76.25,206.4,102.0,79.75,25.0,31.0,10.95,3.27
Kevin Hervey,2018,PF,78.5,211.6,107.0,87.5,27.5,32.0,11.28,3.36
Aaron Holiday,2018,PG,71.75,187.0,97.0,79.5,25.5,33.0,10.96,3.27
Kevin Huerter,2018,SG,78.25,194.0,101.5,79.5,31.0,38.0,10.89,3.09
Jaren Jackson,2018,PF/C,81.75,236.0,110.0,89.25,28.2,32.8,11.7,3.4
Justin Jackson,2018,PF,78.0,229.4,105.0,87.0,28.9,33.8,11.5,3.3
Alize Johnson,2018,PF,79.25,216.6,103.0,80.75,25.0,31.0,11.83,3.38
George King,2018,SG/SF,76.75,218.6,101.5,83.5,31.0,39.0,10.75,3.29
Kevin Knox,2018,SF,79.75,212.6,108.0,83.75,29.0,34.1,11.5,3.3
Sagaba Konate,2018,C,78.5,246.0,106.5,84.0,31.5,35.0,12.28,3.28
Caleb Martin,2018,SG/SF,76.75,195.8,101.5,82.0,29.0,36.5,10.43,3.26
Yante Maten,2018,PF/C,79.25,246.2,107.5,84.5,27.0,31.5,11.35,3.17
Brandon McCoy,2018,C,83.5,250.4,110.5,86.0,27.5,32.0,11.77,3.23
DeAnthony Melton,2018,PG/SG,74.25,193.2,99.5,80.5,31.0,36.5,11.48,3.23
Chimezie Metu,2018,PF/C,80.5,219.6,108.0,84.5,29.5,36.0,11.89,3.33
Shake Milton,2018,PG/SG,76.5,207.2,99.5,84.75,30.0,33.0,11.07,3.25
Sviatoslav Mykhailiuk,2018,SG/SF,78.5,211.6,100.0,76.75,30.5,37.0,11.25,3.15
Malik Newman,2018,SG,74.5,189.2,98.5,77.5,27.5,33.5,10.9,3.13
Josh Okogie,2018,SG,75.0,210.8,102.0,84.0,33.0,42.0,11.08,3.04
Theo Pinson,2018,SG/SF,77.0,211.2,103.5,82.75,27.0,34.0,11.53,3.22
Michael Porter,2018,SF/PF,81.5,211.0,108.5,84.25,28.8,33.8,11.5,3.3
Billy Preston,2018,PF,80.75,222.4,108.0,86.0,25.0,33.0,11.26,3.2
Jerome Robinson,2018,SG,76.0,188.4,98.0,79.25,30.0,35.8,11.2,3.2
Collin Sexton,2018,PG,72.5,183.0,98.5,79.25,30.6,36.8,11.0,3.2
Landry Shamet,2018,PG,76.0,188.6,100.0,78.75,31.0,39.5,11.26,3.11
Anfernee Simons,2018,PG/SG,74.25,183.2,99.5,81.25,32.0,41.5,11.27,3.1
Zhaire Smith,2018,SG/SF,74.75,198.6,100.0,81.75,33.0,41.5,11.02,3.05
Ray Spalding,2018,PF,81.0,215.4,109.0,88.75,26.0,32.0,11.48,3.34
Omari Spellman,2018,PF/C,80.0,253.8,107.5,86.0,28.5,35.5,12.28,3.38
Khyri Thomas,2018,SG,74.5,198.8,101.0,82.5,30.0,35.0,10.96,3.18
Gary Trent,2018,SG,76.25,204.2,98.0,80.75,33.5,39.5,11.37,3.12
Allonzo Trier,2018,SG,75.75,198.0,98.0,78.75,32.0,40.0,11.02,3.14
Moritz Wagner,2018,PF/C,82.5,241.4,108.0,84.0,27.0,34.0,11.48,3.18
Lonnie Walker,2018,SG,75.75,196.2,99.5,82.25,31.5,40.0,10.87,3.06
PJ Washington,2018,PF,78.5,223.0,107.0,86.5,27.0,34.0,11.39,3.2
Austin Wiley,2018,C,80.25,249.4,111.0,89.0,28.0,33.5,12.79,3.3
Kenrich Williams,2018,SF,78.0,200.4,103.5,79.25,28.0,33.0,10.86,3.19
Trae Young,2018,PG,72.5,177.8,95.5,75.0,30.7,37.0,11.0,3.2
Edrice Adebayo,2017,PF/C,80.75,242.6,108.0,86.75,33.5,38.5,11.94,3.24
Jarrett Allen,2017,C,81.0,233.6,109.5,89.25,31.5,35.5,11.82,3.21
Kadeem Allen,2017,PG,73.0,192.4,99.5,81.25,33.0,35.5,11.24,3.15
Ike Anigbogu,2017,C,80.5,252.2,110.5,90.25,29.5,32.5,12.52,3.44
OG Anunoby,2017,SF,78.25,232.4,107.5,86.25,28.8,33.7,11.6,3.3
Jamel Artis,2017,SG/SF,77.5,213.2,105.0,82.0,23.5,31.0,11.62,3.44
Dwayne Bacon,2017,SG/SF,76.75,221.6,103.5,82.0,30.0,36.5,11.7,3.22
V.J. Beachem,2017,SG/SF,78.25,193.4,104.5,82.25,30.0,37.0,11.18,3.26
Jordan Bell,2017,PF,79.0,223.6,104.5,83.75,31.5,38.0,10.63,3.21
Jaron Blossomgame,2017,SF,77.75,218.6,104.5,82.0,31.0,35.5,11.47,3.17
Chris Boucher,2017,PF,80.0,182.2,110.5,88.0,29.6,35.2,11.3,3.3
Tony Bradley,2017,C,81.25,248.8,112.5,89.0,24.5,27.5,11.79,3.44
Isaiah Briscoe,2017,PG,73.25,222.4,99.5,81.0,28.0,33.5,10.95,3.38
Dillon Brooks,2017,SG/SF,77.0,220.2,100.5,78.0,31.0,37.5,11.14,3.21
Thomas Bryant,2017,PF/C,81.5,247.8,112.5,90.0,25.5,33.0,11.42,3.37
John Collins,2017,PF,80.25,225.2,106.5,83.25,33.0,37.5,11.66,3.27
Zach Collins,2017,PF/C,82.25,232.2,111.0,85.0,28.3,32.8,11.7,3.4
Tyler Dorsey,2017,SG,75.0,182.6,99.5,77.25,30.5,36.0,10.55,3.16
Damyean Dotson,2017,SG/SF,76.5,205.2,100.0,81.0,31.5,38.0,11.18,3.13
PJ Dozier,2017,SG,77.25,200.6,101.0,83.0,34.0,39.0,10.84,3.15
Jawun Evans,2017,PG,70.75,185.2,95.0,77.5,27.5,33.5,11.34,3.21
Terrance Ferguson,2017,SG/SF,77.5,184.4,103.0,80.75,28.5,38.0,11.16,3.32
De'Aaron Fox,2017,PG,74.0,169.6,100.0,78.5,30.7,37.0,11.0,3.2
Harry Giles,2017,PF,81.25,232.0,109.5,87.25,27.0,32.5,11.08,3.34
Nigel Hayes,2017,PF,78.25,254.2,104.5,87.25,29.0,33.5,11.81,3.27
Isaiah Hicks,2017,PF,79.25,233.4,105.0,84.5,31.5,37.0,12.31,3.36
Wesley Iwundu,2017,SG/SF,77.5,193.4,105.5,85.0,31.5,36.0,11.25,3.36
Frank Jackson,2017,PG,74.0,201.6,98.0,79.5,34.5,42.0,10.94,3.14
Justin A. Jackson,2017,SF,79.0,200.8,104.5,83.0,29.5,35.5,10.8,3.3
Peter Jok,2017,SG/SF,76.25,202.4,102.0,80.0,26.5,31.0,11.34,3.41
Luke Kennard,2017,SG/SF,76.5,196.2,98.5,77.25,29.8,35.4,11.2,3.2
Kyle Kuzma,2017,SG/SF,80.0,222.6,107.5,84.25,27.0,34.0,10.72,3.25
TJ Leaf,2017,PF,80.75,222.2,107.0,83.0,29.0,34.5,11.55,3.27
Tyler Lydon,2017,PF,80.25,215.0,107.5,84.0,29.5,33.5,11.68,3.46
Frank Mason III,2017,PG,71.0,188.8,94.0,75.25,34.0,41.0,11.41,3.18
Kennedy Meeks,2017,C,80.75,276.6,106.0,85.0,28.0,30.5,12.91,3.5
Donovan Mitchell,2017,SG,73.25,211.4,97.0,82.0,36.5,40.5,11.53,3.01
Monte Morris,2017,PG,73.25,175.2,96.5,76.0,28.0,33.5,11.0,3.19
Johnathan Motley,2017,PF,79.75,238.2,108.0,88.0,28.5,33.1,11.7,3.3
Svi Mykhailiuk,2017,SG/SF,78.5,219.6,100.0,77.0,27.0,33.0,12.4,3.53
Semi Ojeleye,2017,SG/SF,77.25,241.4,102.0,81.75,35.0,40.5,10.58,3.16
Cameron Oliver,2017,PF,79.0,238.6,106.5,85.25,28.0,39.5,12.17,3.16
Justin Patton,2017,C,82.0,229.0,111.5,87.0,26.0,30.5,11.8,3.46
Alec Peters,2017,PF,79.25,232.0,105.0,82.75,28.6,33.5,11.6,3.3
Ivan Rabb,2017,PF,80.75,219.6,109.0,85.5,28.5,32.5,12.68,3.35
Davon Reed,2017,SG/SF,76.5,206.2,102.0,84.0,28.5,36.0,11.37,3.34
Devin Robinson,2017,SF,79.0,189.6,106.0,84.75,35.5,41.5,12.85,3.23
Kobi Simmons,2017,PG,75.25,166.2,99.0,78.0,30.5,38.5,11.15,3.18
Edmond Sumner,2017,PG,76.0,176.4,102.5,81.0,30.2,36.3,11.1,3.2
Caleb Swanigan,2017,PF,79.5,245.6,108.0,87.0,28.3,32.9,11.7,3.3
Sindarius Thornwell,2017,SG/SF,75.5,211.6,103.0,82.0,27.0,30.5,11.48,3.36
Melo Trimble,2017,PG,73.25,195.2,95.5,74.0,24.5,32.0,10.75,3.27
Derrick Walton Jr.,2017,PG,71.0,188.6,95.0,74.5,26.0,32.5,11.28,3.29
Thomas Welsh,2017,PF/C,83.5,254.0,109.5,84.0,27.6,31.7,11.9,3.4
Derrick White,2017,PG,75.25,189.8,101.5,79.5,31.0,36.5,10.84,3.08
Nigel Williams-Goss,2017,PG,73.5,190.2,99.0,79.25,27.5,34.5,10.42,3.19
D.J. Wilson,2017,PF,80.75,234.4,109.5,87.0,28.4,33.0,11.7,3.3
Omer Yurtseven,2017,C,82.5,248.4,108.5,85.0,26.0,31.5,12.85,3.45
Ron Baker,2016,SG,75.25,212.4,97.5,81.75,30.0,35.5,10.77,3.45
Wade Baldwin IV,2016,PG,74.5,201.8,100.0,83.25,32.5,38.0,10.45,3.19
Cat Barber,2016,PG,73.5,173.0,95.5,77.5,30.6,36.9,11.0,3.2
Malik Beasley,2016,SG,75.5,189.8,100.5,79.0,30.0,35.9,11.2,3.2
DeAndre Bembry,2016,SG/SF,76.25,206.6,101.0,81.25,32.0,38.0,10.9,3.17
Ben Bentil,2016,PF,79.25,229.2,105.0,85.5,29.0,33.0,11.16,3.3
Joel Bolomboy,2016,PF,79.5,224.4,103.5,85.75,37.5,40.5,10.26,3.17
Malcolm Brogdon,2016,SG,75.75,223.0,98.0,82.5,30.5,35.5,10.77,3.31
Jaylen Brown,2016,SG/SF,77.25,222.8,102.5,83.75,29.1,34.2,11.5,3.3
Marquese Chriss,2016,PF,80.75,233.0,105.0,84.25,32.5,38.5,11.93,3.26
Elgin Cook,2016,SF,77.0,209.8,100.5,82.0,29.4,34.8,11.4,3.3
Isaiah Cousins,2016,PG,75.25,194.0,98.5,78.25,30.5,37.0,10.79,3.24
Deyonta Davis,2016,PF,81.25,237.2,108.5,86.5,28.3,32.8,11.7,3.4
Cheick Diallo,2016,PF,79.5,218.6,107.5,88.5,31.0,35.0,11.24,3.26
Henry Ellenson,2016,PF,82.0,242.0,108.0,86.25,28.1,32.5,11.8,3.4
Perry Ellis,2016,PF,79.0,217.8,102.0,82.25,32.0,38.0,10.73,3.13
Kay Felder,2016,PG,68.25,177.2,88.5,74.5,35.5,44.0,11.52,3.15
Dorian Finney-Smith,2016,SF,78.5,212.6,105.5,83.75,32.5,35.5,11.01,3.27
Michael Gbinije,2016,SG,77.5,204.6,101.0,79.5,33.5,37.5,11.0,3.12
Daniel Hamilton,2016,SG/SF,78.25,197.0,103.5,81.0,26.0,29.0,11.48,3.4
Josh Hart,2016,SG,76.0,203.6,99.5,80.5,29.5,38.5,11.15,3.2
Buddy Hield,2016,SG,75.75,212.4,101.0,81.25,29.5,35.0,11.3,3.3
Demetrius Jackson,2016,PG,72.0,193.8,93.0,77.5,37.5,43.5,10.81,3.25
Brice Johnson,2016,PF,81.0,208.6,106.5,84.5,33.5,38.0,11.88,3.2
Damian Jones,2016,C,82.25,243.6,107.0,87.75,36.0,37.0,11.35,3.2
Skal Labissiere,2016,PF/C,82.5,215.8,105.5,86.5,28.6,33.4,11.6,3.3
Jake Layman,2016,SF,80.0,208.6,102.0,81.25,33.0,39.5,11.35,3.24
Marcus Lee,2016,PF/C,81.0,211.0,107.5,87.0,28.5,35.5,11.68,3.25
Caris LeVert,2016,SG,77.75,191.0,101.0,82.0,29.7,35.4,11.2,3.3
Thon Maker,2016,PF,83.75,216.0,110.5,87.0,32.0,36.5,11.15,3.33
Patrick McCaw,2016,PG/SG,77.25,180.8,100.5,82.0,30.0,38.0,11.01,3.3
Georges Niang,2016,PF,78.75,230.8,103.0,82.0,25.0,31.0,11.64,3.49
Chinanu Onuaku,2016,C,81.0,245.2,108.5,86.75,27.5,33.5,11.65,3.5
Marcus Paige,2016,PG,72.5,163.8,97.0,78.25,33.5,39.5,10.82,3.15
Gary Payton II,2016,PG,74.0,183.8,99.5,80.0,31.5,38.5,11.57,3.23
Jakob Poeltl,2016,C,84.25,239.0,111.5,86.75,27.8,32.1,11.8,3.4
Taurean Prince,2016,SF,78.5,220.2,102.0,83.5,34.0,36.0,10.96,3.24
Zhou Qi,2016,PF/C,85.25,218.2,112.5,91.75,31.5,32.0,11.27,3.46
Malachi Richardson,2016,SG/SF,76.75,199.6,101.5,84.0,33.0,38.0,10.56,3.33
Wayne Selden,2016,SG,76.25,232.4,101.0,82.5,29.0,34.1,11.5,3.3
Pascal Siakam,2016,PF,80.25,226.6,107.5,87.25,30.5,36.5,11.25,3.41
Diamond Stone,2016,C,81.0,254.4,108.5,86.75,27.0,29.5,12.02,3.5
Tyler Ulis,2016,PG,68.75,149.2,88.5,74.0,32.5,38.0,10.8,3.2
Jarrod Uthoff,2016,PF,80.5,214.4,104.0,83.5,29.0,34.5,11.52,3.5
Denzel Valentine,2016,SG/SF,76.0,210.4,102.0,82.75,27.0,32.0,10.51,3.46
Isaiah Whitehead,2016,PG/SG,75.25,210.0,100.0,80.75,27.5,35.5,11.65,3.34
Troy Williams,2016,SF,77.75,217.8,102.0,80.25,30.0,36.0,10.72,3.35
Kyle Wiltjer,2016,PF,80.75,242.8,102.5,84.25,28.5,35.5,11.35,3.48
Stephen Zimmerman,2016,C,82.25,234.0,108.5,87.25,26.0,31.0,12.08,3.43
Cliff Alexander,2015,PF/C,79.25,239.2,109.5,87.5,28.5,33.2,11.7,3.3
Justin Anderson,2015,SG/SF,77.25,230.6,101.0,83.75,38.0,43.0,11.13,3.22
Brandon Ashley,2015,PF,79.25,228.0,105.0,87.75,31.5,35.5,11.21,3.58
Ryan Boatright,2015,PG,70.0,169.6,92.5,72.5,32.0,41.0,10.71,3.26
Devin Booker,2015,SG,76.5,205.8,102.5,80.25,27.5,34.5,10.27,3.28
Anthony Brown,2015,SG/SF,77.75,211.0,104.5,83.0,27.5,34.5,10.94,3.18
Willie Cauley-Stein,2015,C,83.25,242.4,111.0,87.0,27.9,32.2,11.8,3.4
Rakeem Christmas,2015,PF/C,80.25,242.6,110.5,89.25,29.0,32.0,11.6,3.47
Pat Connaughton,2015,SG,76.0,215.0,96.0,80.0,37.5,44.0,10.58,3.2
Quinn Cook,2015,PG,72.25,179.0,96.5,76.0,24.5,31.0,11.44,3.38
Branden Dawson,2015,PF,77.5,230.2,105.0,83.0,28.5,34.5,12.22,3.2
Sam Dekker,2015,SF,79.75,218.6,106.0,83.5,25.5,34.5,10.64,3.28
Michael Frazier II,2015,SG,75.75,199.4,101.5,80.0,27.0,35.0,10.66,3.32
Treveon Graham,2015,SF,76.0,219.4,103.0,82.5,28.5,31.5,11.64,3.3
Jerian Grant,2015,PG,75.25,198.0,100.0,79.5,29.9,35.6,11.2,3.2
Olivier Hanlan,2015,PG/SG,75.25,185.8,100.0,78.0,28.0,34.0,11.41,3.25
Montrezl Harrell,2015,PF,79.0,253.4,109.0,88.25,28.2,32.7,11.8,3.3
Aaron Harrison,2015,SG,76.5,209.2,100.5,80.25,28.5,34.5,11.3,3.27
Andrew Harrison,2015,PG,76.5,213.2,100.0,81.0,26.5,33.0,11.2,3.34
Tyler Harvey,2015,SG,74.75,181.4,98.5,77.5,26.0,28.5,10.56,3.44
Corey Hawkins,2015,PG/SG,72.75,191.8,99.5,80.0,28.5,34.0,10.81,3.51
Rondae Hollis-Jefferson,2015,SF,77.5,210.8,104.0,86.0,32.0,38.0,10.41,3.12
Jonathan Holmes,2015,SF/PF,80.25,242.2,107.5,83.5,25.5,31.0,10.95,3.51
Richaun Holmes,2015,PF,80.25,242.8,108.0,85.5,32.5,36.0,11.24,3.32
R.J. Hunter,2015,SG,76.5,185.0,104.0,82.5,27.5,33.5,10.87,3.26
Vince Hunter,2015,PF,78.75,208.4,104.5,83.0,33.5,37.5,11.19,3.26
Dakari Johnson,2015,C,83.0,264.6,112.0,86.0,22.5,25.0,11.76,3.62
Stanley Johnson,2015,SF,77.0,241.8,102.0,83.5,28.7,33.6,11.6,3.3
Tyus Jones,2015,PG,72.5,184.6,97.0,77.0,26.5,32.5,11.84,3.32
Frank Kaminsky,2015,PF/C,83.75,231.2,109.5,83.0,28.1,32.5,11.8,3.4
Kevon Looney,2015,PF,80.0,222.4,110.0,87.5,28.8,33.7,11.6,3.3
Trey Lyles,2015,PF,81.0,241.2,108.0,85.5,28.2,32.7,11.7,3.4
Jarell Martin,2015,PF,80.0,238.6,106.5,81.0,28.5,35.0,11.2,3.27
TJ McConnell,2015,PG,72.5,187.8,96.5,74.0,26.0,31.5,10.95,3.3
Chris McCullough,2015,PF,80.25,199.0,109.0,87.25,29.2,34.5,11.4,3.3
Jordan Mickey,2015,PF,79.0,238.0,106.0,87.25,33.0,37.5,11.72,3.28
Larry Nance,2015,PF,79.5,226.6,108.0,85.5,29.0,37.5,10.93,3.25
Kelly Oubre,2015,SG/SF,77.75,202.8,102.5,86.25,34.5,37.0,11.09,3.32
Cameron Payne,2015,PG,72.75,182.8,97.5,79.25,29.8,35.5,10.9,3.28
Terran Petteway,2015,SG,76.75,209.2,104.5,83.25,25.0,31.0,10.91,3.32
Bobby Portis,2015,PF,81.5,246.2,108.5,86.0,25.0,31.5,11.78,3.56
Norman Powell,2015,SG,75.0,215.4,102.5,82.75,32.5,40.5,10.69,3.2
Michael Qualls,2015,SG/SF,76.0,201.4,104.5,84.25,34.0,39.5,11.88,3.18
Chasson Randle,2015,PG,72.25,178.8,96.5,79.0,33.5,39.5,10.63,3.2
Terry Rozier,2015,PG/SG,72.5,190.2,98.5,80.25,33.0,38.0,10.84,3.15
D'Angelo Russell,2015,PG/SG,75.25,193.4,102.0,81.75,30.0,35.8,11.2,3.2
Keifer Sykes,2015,PG,70.5,167.2,93.0,74.0,34.0,43.0,10.47,3.13
Marcus A. Thornton,2015,PG/SG,73.75,177.4,97.5,79.75,34.5,43.0,10.78,3.02
J.P. Tokoto,2015,SG/SF,77.25,195.8,100.5,82.0,34.5,40.0,10.97,3.27
Myles Turner,2015,PF/C,81.75,238.6,112.0,88.0,28.2,32.7,11.7,3.4
Robert Upshaw,2015,C,82.75,258.2,113.0,89.5,27.6,31.7,11.9,3.4
Rashad Vaughn,2015,SG,75.75,198.6,101.0,79.0,28.0,34.0,11.4,3.21
Chris Walker,2015,PF,80.75,208.0,108.0,86.75,30.5,37.0,11.25,3.35
Dez Wells,2015,SG,75.0,208.8,100.5,81.5,31.5,39.0,10.56,3.2
Alan Williams,2015,PF,79.25,261.4,106.5,85.75,25.5,28.5,12.26,3.5
Justise Winslow,2015,SF,76.5,221.8,104.5,82.25,29.2,34.4,11.4,3.3
Christian Wood,2015,PF,81.25,216.0,111.5,87.25,28.7,33.6,11.6,3.3
Delon Wright,2015,PG,76.25,181.4,101.5,79.5,29.5,31.0,11.16,3.29
Jordan Adams,2014,SG,75.5,208.8,102.0,82.0,24.5,29.5,12.13,3.5
Kyle Anderson,2014,SF,79.5,230.1,107.5,86.75,28.7,33.5,11.6,3.3
Thanasis Antetokounmpo,2014,SF,77.25,205.2,104.5,84.0,31.5,39.5,11.39,3.18
Jordan Bachynski,2014,PF,85.25,254.1,108.5,88.0,29.0,33.0,12.15,3.36
Cameron Bairstow,2014,PF,80.75,252.4,107.0,84.75,31.0,33.5,11.39,3.37
Khem Birch,2014,PF,79.5,208.8,107.0,85.0,30.5,35.5,11.6,3.26
Alec Brown,2014,PF,84.25,231.2,109.0,85.5,27.0,30.0,12.05,3.48
Jabari Brown,2014,SG,75.0,201.9,100.0,80.25,28.0,32.0,11.6,3.5
Markel Brown,2014,SG,74.5,184.4,100.0,80.75,36.5,43.5,12.62,3.18
Deonte Burton,2014,PG,72.0,192.8,97.5,79.0,29.0,39.5,11.28,3.28
Semaj Christon,2014,PG,73.5,186.0,99.0,78.5,30.5,36.5,11.55,3.32
Jordan Clarkson,2014,PG,75.25,186.3,98.0,80.0,33.0,38.5,10.76,3.28
Aaron Craft,2014,PG,72.75,191.6,94.5,74.0,29.0,32.0,10.78,3.26
DeAndre Daniels,2014,SF,79.25,196.0,106.5,86.0,26.5,32.0,11.46,3.44
Spencer Dinwiddie,2014,PG,76.5,204.9,103.0,80.25,29.6,35.1,11.3,3.3
Cleanthony Early,2014,SF,78.0,209.4,101.5,82.75,34.0,40.0,11.15,3.18
Melvin Ejim,2014,SF,77.25,218.5,103.5,83.25,29.5,35.0,11.55,3.14
Tyler Ennis,2014,PG,73.0,181.5,98.0,79.25,29.0,36.0,11.12,3.3
Dante Exum,2014,SG,76.5,196.3,103.0,81.5,31.5,34.5,10.75,3.19
C.J. Fair,2014,SF,78.5,218.1,104.0,81.5,27.0,35.0,11.0,3.32
Aaron Gordon,2014,PF,79.5,220.1,105.0,83.75,32.5,39.0,10.81,3.27
Jerami Grant,2014,SF,78.5,214.0,107.0,86.75,29.1,34.3,11.4,3.3
P.J. Hairston,2014,SG,76.25,228.8,101.0,81.0,32.0,37.0,11.12,3.32
Gary Harris,2014,SG,74.5,204.8,96.0,78.75,29.8,35.5,11.2,3.2
Joe Harris,2014,SG,76.75,215.0,100.0,78.0,28.5,33.5,11.11,3.31
Rodney Hood,2014,SF,79.25,208.2,103.0,80.5,29.0,36.0,11.21,3.38
Cory Jefferson,2014,PF,79.75,218.4,105.0,84.5,33.0,37.5,12.63,3.36
Nick Johnson,2014,SG,73.5,198.0,96.5,79.25,33.5,41.5,10.8,3.27
Sean Kilpatrick,2014,SG,74.5,218.7,99.0,79.0,29.6,35.0,11.3,3.3
Alex Kirk,2014,PF,81.25,252.0,109.5,87.5,28.5,31.5,11.2,3.48
Zach LaVine,2014,PG,76.5,180.9,100.0,80.25,33.5,41.5,10.42,3.19
Devyn Marble,2014,SG,77.0,192.4,102.0,81.0,29.0,35.0,11.32,3.28
James McAdoo,2014,PF,79.5,227.6,106.5,86.25,29.5,34.0,11.61,3.28
K.J. McDaniels,2014,SF,76.5,195.6,102.0,83.25,33.0,37.0,12.71,3.1
Doug McDermott,2014,SF,78.25,218.0,103.0,81.25,28.5,36.5,11.1,3.29
Jordan McRae,2014,SG,75.75,179.4,104.0,84.5,27.5,34.5,11.07,3.39
Shabazz Napier,2014,PG,71.0,175.2,93.0,75.25,30.5,37.5,11.6,3.2
Johnny O'Bryant III,2014,PF,79.25,256.8,105.0,86.25,31.0,35.5,11.57,3.45
Lamar Patterson,2014,SG,76.0,226.0,101.0,83.0,27.5,32.5,11.63,3.45
Adreian Payne,2014,PF,81.0,238.5,109.0,88.0,28.3,32.8,11.7,3.4
Elfrid Payton,2014,PG,74.5,185.4,98.5,80.0,31.5,35.5,11.06,3.23
Dwight Powell,2014,PF,81.5,234.4,105.0,84.5,28.5,35.0,11.28,3.2
Julius Randle,2014,PF,79.75,249.7,105.5,84.0,29.0,35.5,11.45,3.27
Glenn Robinson III,2014,SF,77.5,211.4,100.5,82.0,36.5,41.5,11.22,3.15
LaQuinton Ross,2014,SF,78.5,238.7,106.0,85.75,25.0,31.0,11.97,3.44
Marcus Smart,2014,PG,74.0,227.2,99.0,81.25,33.0,36.0,10.82,3.26
Russ Smith,2014,PG,71.5,160.0,95.0,75.5,29.5,34.0,11.57,3.27
Nik Stauskas,2014,SG,77.25,206.9,102.0,79.75,29.0,35.5,10.79,3.27
Jarnell Stokes,2014,PF,79.0,262.8,103.5,85.25,31.0,36.0,11.92,3.26
Xavier Thames,2014,PG,74.25,187.0,96.0,76.0,29.0,32.5,11.48,3.48
Noah Vonleh,2014,PF,80.0,247.1,108.0,88.25,31.0,37.0,11.45,3.28
T.J. Warren,2014,SF,79.0,220.2,104.0,82.25,27.0,35.5,11.1,3.26
C.J. Wilcox,2014,SG,75.5,201.0,100.5,81.75,31.0,37.5,11.3,3.22
Kendall Williams,2014,PG,74.25,183.0,99.0,77.5,27.0,33.0,10.83,3.2
James Young,2014,SG,77.25,213.3,104.0,84.0,28.0,35.5,11.4,3.3
Patric Young,2014,PF,80.5,246.8,103.5,85.75,32.0,37.5,11.18,3.43
Steven Adams,2013,C,82.75,254.5,109.5,88.5,28.5,33.0,11.85,3.4
Vander Blue,2013,SG,75.5,197.4,100.5,78.0,28.0,37.5,10.4,3.14
Lorenzo Brown,2013,PG,76.0,189.2,100.0,79.0,28.0,34.0,11.78,3.4
Reggie Bullock,2013,SG/SF,77.75,199.8,102.0,80.75,31.0,36.5,11.33,3.31
Trey Burke,2013,PG,71.75,187.0,97.5,77.5,29.5,36.5,11.2,3.16
Kentavious Caldwell-Pope,2013,SG,76.5,203.6,100.5,80.0,29.0,34.5,10.6,3.12
Isaiah Canaan,2013,PG,71.0,188.4,94.5,76.5,33.0,40.5,10.98,3.22
Jackie Carmichael,2013,PF,79.5,241.2,107.0,85.5,30.0,32.0,11.83,3.35
Michael Carter-Williams,2013,PG,76.75,184.4,101.0,79.25,31.5,41.0,10.68,3.22
Will Clyburn,2013,SG/SF,77.75,210.4,105.0,84.25,28.0,34.5,11.68,3.38
Robert Covington,2013,SF/PF,78.25,208.6,106.0,85.75,29.5,36.0,11.69,3.34
Allen Crabbe,2013,SG,77.25,197.4,103.5,83.25,30.5,36.0,10.67,3.32
Seth Curry,2013,SG,73.0,179.2,97.5,76.0,30.6,36.8,11.0,3.2
Brandon Davies,2013,PF,80.5,241.8,108.5,85.5,26.0,31.5,11.22,3.5
Dewayne Dedmon,2013,C,82.0,238.8,109.0,88.0,28.0,32.5,12.75,3.4
Gorgui Dieng,2013,C,81.75,229.6,111.5,87.5,28.4,33.0,11.7,3.3
James Ennis,2013,SF,77.75,200.8,104.5,83.5,29.5,36.5,11.55,3.4
Carrick Felix,2013,SG/SF,76.75,202.6,103.5,81.25,32.0,38.5,11.16,3.25
Jamaal Franklin,2013,SG/SF,76.0,190.8,103.5,83.25,29.9,35.7,11.2,3.2
Rudy Gobert,2013,C,84.5,237.6,115.0,92.5,25.0,29.0,12.85,3.57
Archie Goodwin,2013,SG,75.75,189.0,102.0,81.5,30.0,36.0,10.75,3.27
Erick Green,2013,PG,73.5,178.2,98.0,77.75,30.5,36.8,11.0,3.2
Tim Hardaway Jr.,2013,SG,76.5,199.4,101.0,79.0,31.5,37.5,10.68,3.25
Solomon Hill,2013,SF,77.5,226.0,103.0,81.0,29.5,37.5,10.77,3.19
Richard Howell,2013,PF,78.25,249.6,105.5,82.25,28.4,33.0,11.7,3.3
Colton Iverson,2013,C,82.5,262.8,110.0,86.0,26.5,30.0,11.52,3.52
Pierre Jackson,2013,PG,69.5,176.0,90.0,70.0,31.1,37.7,10.8,3.1
Grant Jerrett,2013,PF,80.75,232.0,109.0,86.0,28.5,34.0,11.85,3.51
Myck Kabongo,2013,PG,73.25,180.4,98.0,78.25,27.5,33.5,10.64,3.44
Kenny Kadji,2013,PF/C,80.75,241.6,106.5,87.0,34.0,38.0,11.47,3.44
Ryan Kelly,2013,PF,81.75,228.0,110.0,83.5,28.4,33.1,11.7,3.3
Shane Larkin,2013,PG,70.25,170.8,89.5,70.75,34.5,44.0,10.64,3.08
Ricky Ledo,2013,SG,76.75,197.2,102.5,79.25,27.0,33.5,10.72,3.32
CJ Leslie,2013,SF/PF,79.5,209.2,104.5,86.25,32.5,40.5,10.19,3.1
Trevor Mbakwe,2013,PF,78.75,235.8,106.5,88.0,30.0,36.5,12.01,3.32
Ray McCallum,2013,PG,72.25,191.4,96.5,75.25,30.5,40.0,10.82,3.25
CJ McCollum,2013,PG/SG,74.25,197.0,96.5,78.25,32.0,38.5,11.02,3.32
Ben McLemore,2013,SG,75.5,189.2,100.5,79.75,32.5,42.0,11.87,3.27
Tony Mitchell,2013,SF/PF,79.5,236.4,106.5,86.5,33.5,38.0,11.82,3.52
Shabazz Muhammad,2013,SG/SF,76.75,221.8,104.5,83.0,29.5,37.0,10.99,3.32
Erik Murphy,2013,PF,80.75,239.8,108.0,82.5,24.5,29.5,12.19,3.57
Mike Muscala,2013,PF/C,82.25,230.2,108.0,85.0,28.0,33.5,11.76,3.44
Nerlens Noel,2013,C,82.0,206.4,110.0,87.75,28.8,33.9,11.5,3.3
Victor Oladipo,2013,SG,75.25,213.2,100.5,81.25,33.0,42.0,10.69,3.25
Kelly Olynyk,2013,PF/C,82.75,234.0,108.0,81.75,24.5,29.5,11.42,3.59
Brandon Paul,2013,SG,74.75,201.0,98.0,82.25,33.5,39.5,11.16,3.37
Norvel Pelle,2013,PF/C,81.5,207.2,109.0,86.5,31.0,34.5,11.49,3.32
Mason Plumlee,2013,PF/C,83.25,238.2,108.0,83.0,30.5,36.0,10.89,3.29
Otto Porter,2013,SF,79.5,197.6,105.5,85.5,27.0,36.0,11.25,3.4
Phil Pressey,2013,PG,69.5,177.0,92.0,74.25,33.0,38.5,10.86,3.13
Glen Rice,2013,SG/SF,76.5,210.8,101.5,81.25,33.0,40.5,10.99,3.25
Andre Roberson,2013,SF/PF,78.25,205.8,104.5,83.0,30.0,36.5,11.36,3.34
Dennis Schroder,2013,PG,73.0,164.8,98.0,79.75,30.0,34.0,11.09,3.21
Peyton Siva,2013,PG,71.5,180.6,93.0,75.0,33.5,41.5,10.59,3.16
Tony Snell,2013,SG/SF,78.0,198.2,105.5,83.5,30.0,36.5,11.36,3.25
James Southerland,2013,SF/PF,79.0,220.6,106.0,85.0,29.0,32.0,10.9,3.38
Adonis Thomas,2013,SF,76.75,231.8,99.0,85.0,34.5,40.5,11.64,3.32
Deshaun Thomas,2013,SF,77.0,219.8,104.0,82.0,28.5,32.0,12.94,3.53
Jeff Withey,2013,C,82.75,221.8,110.5,86.0,26.5,29.0,12.49,3.47
Nate Wolters,2013,PG,75.5,196.4,98.0,75.75,29.9,35.6,11.2,3.2
BJ Young,2013,PG/SG,74.25,178.8,99.0,80.25,30.4,36.6,11.0,3.2
Cody Zeller,2013,PF/C,82.75,230.0,106.0,82.75,35.5,37.5,10.82,3.15
Quincy Acy,2012,PF,78.5,223.8,106.5,86.75,32.0,37.0,10.48,3.28
Harrison Barnes,2012,SG/SF,79.0,227.8,101.5,83.25,38.0,39.5,10.93,3.16
Will Barton,2012,SG/SF,77.0,174.4,102.5,81.75,30.0,34.0,12.5,3.6
Bradley Beal,2012,SG,75.25,201.8,100.0,80.0,33.0,39.0,10.95,3.28
J'Covan Brown,2012,PG,73.0,202.4,96.0,77.25,26.0,29.5,11.68,3.47
William Buford,2012,SG/SF,76.0,214.6,102.0,81.5,27.5,32.5,11.4,3.43
Jae Crowder,2012,SF,76.75,241.2,99.5,81.25,31.0,34.5,11.45,3.37
Jared Cunningham,2012,PG/SG,75.5,187.6,98.0,78.5,30.1,36.0,11.1,3.2
Anthony Davis,2012,PF/C,81.25,221.8,108.0,89.5,28.6,33.4,11.6,3.3
Marcus Denmon,2012,SG,74.25,188.2,94.5,77.0,33.5,40.0,10.82,3.19
Andre Drummond,2012,C,81.75,278.6,109.5,90.25,31.5,33.5,10.83,3.39
Kim English,2012,SG,76.5,192.0,98.0,78.5,29.0,36.5,10.59,3.33
Festus Ezeli,2012,PF/C,81.75,264.2,108.0,89.75,34.0,33.5,12.35,3.29
Drew Gordon,2012,PF,80.0,239.0,103.5,83.5,29.0,34.0,11.35,3.49
Draymond Green,2012,SF/PF,77.75,235.6,105.0,85.25,28.0,33.0,11.01,3.4
JaMychal Green,2012,PF,80.0,217.4,106.5,86.25,29.5,32.5,10.63,3.38
Maurice Harkless,2012,SF,79.25,206.6,102.5,84.0,32.5,37.0,10.87,3.25
John Henson,2012,PF,81.0,216.0,112.0,89.0,25.5,30.0,11.6,3.3
Tu Holloway,2012,PG,70.5,186.8,94.5,77.5,28.0,35.0,11.0,3.42
Robbie Hummel,2012,SF,79.25,218.0,102.0,80.5,27.5,30.0,11.56,3.41
Bernard James,2012,PF,80.75,229.8,108.5,87.0,30.0,32.5,11.84,3.4
John Jenkins,2012,SG,75.25,212.0,98.0,80.5,30.5,36.5,11.36,3.37
Darius Johnson-Odom,2012,SG,73.5,212.0,96.0,79.0,33.5,41.5,10.76,3.21
Orlando Johnson,2012,SG,75.75,223.8,99.0,83.25,32.0,39.5,10.98,3.25
Kevin Jones,2012,PF,78.25,251.2,105.0,85.5,27.5,32.5,11.94,3.6
Perry Jones,2012,SF/PF,82.25,233.8,107.0,85.75,33.0,38.5,11.31,3.19
Terrence Jones,2012,SF/PF,80.25,252.0,107.0,86.25,29.5,34.5,11.57,3.4
Kris Joseph,2012,SG,78.0,215.0,104.0,83.0,28.5,35.0,11.4,3.46
Michael Kidd-Gilchrist,2012,SF,77.75,232.8,104.5,84.0,32.0,35.5,11.77,3.18
Doron Lamb,2012,PG/SG,75.25,199.4,98.5,78.75,29.0,33.5,11.12,3.41
Jeremy Lamb,2012,SG,76.0,179.2,102.0,83.0,31.5,38.0,10.98,3.25
Meyers Leonard,2012,C,83.75,249.8,108.0,87.0,30.0,32.5,11.34,3.41
Damian Lillard,2012,PG,73.75,188.8,95.5,79.75,34.5,39.5,11.15,3.34
Scott Machado,2012,PG,73.0,205.8,94.5,76.0,27.0,32.5,11.26,3.3
Kendall Marshall,2012,PG,75.25,198.4,96.0,77.5,31.0,37.0,12.03,3.23
Fab Melo,2012,C,82.75,255.0,110.0,86.5,29.5,31.0,12.14,3.44
Khris Middleton,2012,SF,78.75,216.2,103.0,82.75,28.0,31.0,11.45,3.47
Darius Miller,2012,SG/SF,78.0,233.4,101.0,81.0,33.0,37.0,11.34,3.31
Quincy Miller,2012,SF,80.75,218.7,105.0,85.25,30.5,36.0,11.05,3.48
Arnett Moultrie,2012,PF,81.5,232.8,106.5,86.25,33.5,37.5,11.32,3.22
Kevin Murphy,2012,SG,77.0,194.0,99.0,78.75,31.0,36.5,10.97,3.42
Andrew Nicholson,2012,PF,80.5,234.0,107.0,88.0,28.5,30.5,11.89,3.67
Kyle O'Quinn,2012,PF,80.5,240.8,106.5,88.75,31.5,31.5,11.65,3.53
Miles Plumlee,2012,PF/C,82.5,252.4,105.5,84.75,34.0,40.5,10.64,3.36
Austin Rivers,2012,PG/SG,75.5,202.8,96.5,79.25,32.5,37.5,11.54,3.32
Thomas Robinson,2012,PF,79.75,244.2,106.0,87.25,28.5,35.5,11.96,3.17
Terrence Ross,2012,SG/SF,78.0,196.6,100.5,79.25,31.0,37.5,11.78,3.28
Tomas Satoransky,2012,PG/SG,78.5,200.6,100.0,79.25,29.4,34.8,11.3,3.3
Mike Scott,2012,PF,79.25,240.8,104.0,82.75,27.0,32.5,11.59,3.44
Henry Sims,2012,PF/C,82.0,241.2,108.0,88.0,26.5,29.5,12.33,3.44
Jared Sullinger,2012,PF,79.75,268.2,105.5,85.25,29.5,31.0,12.77,3.81
Jeff Taylor,2012,SG/SF,78.0,212.8,101.5,78.25,33.5,40.0,10.87,3.29
Jordan Taylor,2012,PG,73.0,192.8,92.5,75.0,33.0,36.5,10.57,3.19
Tyshawn Taylor,2012,PG,74.75,177.0,97.5,78.25,32.0,36.5,11.48,3.2
Marquis Teague,2012,PG,73.0,179.8,96.5,79.25,32.5,40.5,10.65,3.19
Hollis Thompson,2012,SF,78.75,206.0,102.5,81.5,28.5,36.5,11.72,3.38
Dion Waiters,2012,SG,74.5,221.0,98.0,79.25,29.5,34.9,11.3,3.3
Royce White,2012,PF,79.0,260.6,104.5,84.0,28.1,32.4,11.8,3.4
Tony Wroten,2012,PG,76.75,203.2,101.0,81.0,30.0,35.5,10.75,3.24
Tyler Zeller,2012,PF/C,83.25,247.4,104.5,84.0,30.0,34.0,11.13,3.4
Keith Benson,2011,PF/C,82.0,217.0,109.5,87.75,31.5,36.0,11.88,3.35
Marshon Brooks,2011,SG,76.25,194.6,101.0,85.0,34.0,38.5,10.74,3.09
Alec Burks,2011,SG,77.0,192.6,103.5,82.0,29.0,36.0,10.96,3.17
Jimmy Butler,2011,SF,78.0,222.2,101.5,79.5,32.0,39.0,11.12,3.15
Norris Cole,2011,PG,72.25,174.4,95.5,74.25,29.5,38.5,10.07,3.22
Jon Diebler,2011,SG,77.25,196.6,99.0,78.0,28.0,35.0,10.94,3.37
Michael Dunigan,2011,PF/C,80.5,237.6,107.5,87.25,29.5,34.5,11.85,3.27
LaceDarius Dunn,2011,SG,75.0,187.8,101.0,78.25,26.5,31.0,11.45,3.27
Kenneth Faried,2011,PF,78.0,224.6,108.0,84.0,30.5,35.0,11.35,3.26
James Fredette,2011,PG,72.75,196.0,96.5,76.5,28.0,33.0,10.42,3.21
Andrew Goudelock,2011,PG,73.25,197.6,96.5,76.25,32.5,37.0,10.33,3.1
Jordan Hamilton,2011,SF,78.75,228.4,104.0,81.5,25.0,32.0,11.47,3.3
Justin Harper,2011,SF/PF,80.0,228.0,106.0,83.75,28.5,33.0,11.92,3.3
Tobias Harris,2011,SF/PF,78.5,222.8,103.5,83.0,31.5,37.5,10.96,3.17
Tyler Honeycutt,2011,SF,78.75,186.8,105.0,81.0,30.0,37.0,11.68,3.07
Scotty Hopson,2011,SG,77.75,204.6,103.5,82.5,32.5,36.0,10.47,3.18
Kyrie Irving,2011,PG,73.75,191.0,99.0,76.0,30.2,36.2,11.1,3.2
Rick Jackson,2011,PF,80.25,241.8,106.5,86.0,28.5,33.0,11.51,3.26
Charles Jenkins,2011,PG/SG,73.5,216.4,96.5,79.5,29.5,34.0,11.68,3.18
JaJuan Johnson,2011,PF,81.0,219.8,107.5,86.0,33.5,38.0,11.21,3.14
Cory Joseph,2011,PG,74.0,186.2,99.0,77.5,27.5,35.0,10.75,3.27
Enes Kanter,2011,PF/C,81.75,259.2,109.5,85.5,26.0,32.5,11.3,3.26
Brandon Knight,2011,PG,73.5,176.8,98.5,78.75,29.0,37.5,10.74,3.07
Malcolm Lee,2011,SG,76.0,198.2,101.5,81.75,30.0,35.5,11.2,3.09
Kawhi Leonard,2011,SF,78.0,227.4,106.0,87.0,25.5,32.0,11.45,3.15
Travis Leslie,2011,SG,75.0,205.0,103.0,82.5,33.0,40.5,11.0,3.13
Jon Leuer,2011,PF,82.0,223.2,105.5,84.0,29.5,36.5,10.82,3.36
DeAndre Liggins,2011,SG/SF,77.0,202.2,103.5,83.0,27.0,31.0,11.3,3.33
David Lighty,2011,SG,76.75,216.2,101.0,80.0,28.5,33.0,10.81,3.25
Shelvin Mack,2011,PG,73.0,209.0,96.5,79.5,32.0,39.0,11.23,3.18
Demetri McCamey,2011,PG,73.75,204.0,99.5,78.25,27.0,33.0,11.55,3.19
E'Twaun Moore,2011,SG,74.5,191.4,99.5,81.5,32.0,34.5,11.12,3.31
Darius Morris,2011,PG/SG,75.25,190.0,102.0,79.5,24.5,32.0,11.0,3.2
Marcus Morris,2011,SF/PF,79.0,229.6,105.5,82.0,29.0,33.0,11.6,3.15
Markieff Morris,2011,PF,79.75,240.8,106.5,82.75,27.0,31.5,11.7,3.4
Chandler Parsons,2011,SF,80.75,221.2,104.5,81.5,25.5,31.5,11.05,3.29
Jereme Richmond,2011,SF,78.0,207.2,106.5,82.25,27.0,33.5,11.74,3.02
Josh Selby,2011,PG/SG,73.75,194.6,98.0,77.25,29.5,42.0,11.13,3.2
Iman Shumpert,2011,PG/SG,76.25,221.8,99.5,81.5,36.5,42.0,11.1,3.18
Kyle Singler,2011,SF,79.5,228.0,106.0,82.1,23.0,30.0,11.22,3.21
Chris Singleton,2011,SF,79.75,230.2,103.5,85.0,30.5,37.5,11.33,3.09
Jamie Skeen,2011,PF,78.5,241.6,106.5,85.25,26.0,30.5,12.43,3.46
Gregory Smith,2011,PF/C,80.0,252.8,106.5,86.5,29.5,36.0,12.43,3.36
Nolan Smith,2011,PG,73.5,187.6,99.0,77.5,28.5,34.0,11.05,3.17
Isaiah Thomas,2011,PG,68.75,186.0,91.5,73.75,31.5,40.0,10.49,3.14
Malcolm Thomas,2011,PF,79.5,223.0,107.5,84.5,32.0,36.5,11.31,3.29
Trey Thompkins,2011,PF,80.5,239.0,107.5,85.0,27.5,30.5,11.72,3.41
Klay Thompson,2011,SG,77.75,205.6,103.5,81.0,26.5,31.5,10.99,3.24
Tristan Thompson,2011,PF,79.5,227.4,108.5,85.25,30.0,35.0,10.92,3.26
Jeremy Tyler,2011,PF/C,81.0,262.4,110.5,89.0,28.0,33.5,11.26,3.29
Nikola Vucevic,2011,PF/C,82.25,259.8,112.5,88.5,23.5,25.0,12.02,3.27
Kemba Walker,2011,PG,71.5,184.0,91.5,75.5,32.0,39.5,10.87,3.16
Derrick Williams,2011,SF/PF,79.25,248.4,108.0,85.5,29.0,34.5,11.03,3.23
Jordan Williams,2011,PF,79.75,247.2,106.5,84.25,25.0,30.5,12.74,3.45
Solomon Alabi,2010,C,83.5,237.4,113.0,89.0,22.5,26.0,13.2,3.68
Cole Aldrich,2010,C,81.0,236.0,111.5,88.75,23.0,28.0,11.48,3.35
Al-Farouq Aminu,2010,SF,79.25,216.0,108.5,87.25,27.0,33.5,11.29,3.3
James Anderson,2010,SF,76.75,207.6,104.0,80.5,30.0,35.5,11.86,3.19
Luke Babbitt,2010,SF/PF,79.5,217.8,104.5,83.25,29.5,37.5,10.98,3.4
Eric Bledsoe,2010,PG,72.25,191.6,98.0,79.5,30.4,36.5,11.1,3.2
Trevor Booker,2010,PF,78.25,235.8,106.0,81.75,31.0,36.0,11.15,3.1
Craig Brackins,2010,SF/PF,80.5,229.0,109.0,84.0,26.0,35.0,11.65,3.39
Avery Bradley,2010,PG/SG,74.0,180.4,98.5,79.25,31.5,37.5,11.47,3.14
Derrick Caracter,2010,PF,80.25,280.0,107.5,84.25,25.0,30.5,12.78,3.61
Sherron Collins,2010,PG,70.25,217.2,94.0,74.5,27.5,33.0,12.31,3.24
DeMarcus Cousins,2010,C,81.5,291.8,113.0,89.75,23.5,27.5,11.4,3.55
Jordan Crawford,2010,SG,75.0,198.4,101.0,79.0,31.5,34.5,11.03,3.37
Ed Davis,2010,PF,81.0,226.6,108.0,84.0,31.0,36.0,11.7,3.21
Devin Ebanks,2010,SF,79.0,207.8,107.5,84.25,23.5,32.0,11.69,3.44
Derrick Favors,2010,PF,80.75,245.2,110.0,88.0,31.5,35.5,11.74,3.25
Keith Gallon,2010,PF/C,80.5,301.8,109.5,88.5,23.5,28.5,13.44,3.7
Charles Garcia,2010,SF,80.25,231.6,107.5,85.75,24.5,30.5,11.65,3.23
Paul George,2010,SF,79.75,214.4,107.0,83.25,29.0,34.0,11.5,3.3
Luke Harangody,2010,PF,78.0,240.2,106.0,81.5,24.0,28.5,11.83,3.41
Manny Harris,2010,SG,76.0,185.1,102.0,79.25,30.1,36.0,11.1,3.2
Gordon Hayward,2010,SF,78.75,211.0,103.0,79.75,30.5,34.5,11.73,3.22
Lazar Hayward,2010,SG/SF,76.5,225.8,102.0,84.75,31.0,36.0,10.87,3.31
Xavier Henry,2010,SG,77.25,210.2,105.0,83.25,28.5,36.5,11.1,3.18
Darington Hobson,2010,SG/SF,77.25,203.6,104.5,81.25,29.0,34.0,11.68,3.25
Damion James,2010,SF,78.25,226.6,107.0,84.75,29.0,33.0,10.89,3.2
Armon Johnson,2010,PG/SG,74.0,195.2,99.5,80.0,31.5,38.5,11.25,3.19
Wesley Johnson,2010,SF,78.25,206.4,106.0,85.0,32.0,37.0,11.43,3.14
Dominique Jones,2010,SG,75.25,216.0,101.0,81.25,26.0,32.5,10.88,3.31
Jerome Jordan,2010,C,83.5,244.2,113.0,89.25,27.8,32.1,11.9,3.4
Sylven Landesberg,2010,SG,76.75,210.0,100.5,81.0,28.0,32.0,11.59,3.36
Gani Lawal,2010,PF,79.5,233.4,107.5,84.0,27.0,31.5,11.61,3.24
Greg Monroe,2010,PF/C,81.75,246.6,108.5,86.25,25.0,29.0,12.1,3.35
Daniel Orton,2010,C,80.75,269.2,110.5,88.25,24.0,30.5,12.32,3.39
Artsiom Parakhouski,2010,C,82.25,268.2,109.5,85.0,25.5,26.5,12.07,3.33
Patrick Patterson,2010,PF,80.0,239.6,107.0,85.25,28.5,33.5,11.14,3.25
Dexter Pittman,2010,PF/C,81.5,302.6,111.0,90.0,26.9,30.3,12.2,3.4
Andy Rautins,2010,SG,76.25,191.6,100.0,79.0,23.5,30.5,11.27,3.49
Ryan Richards,2010,PF,82.5,230.2,110.0,85.5,25.0,28.5,11.33,3.37
Stanley Robinson,2010,SF,78.5,213.2,107.5,84.0,29.1,37.5,11.65,3.23
Larry Sanders,2010,PF/C,81.25,222.4,112.0,89.75,25.5,28.0,12.49,3.27
Jon Scheyer,2010,PG/SG,76.75,180.0,99.0,75.25,30.1,36.0,11.1,3.2
Lance Stephenson,2010,SG,76.5,227.0,103.0,82.5,27.0,33.0,11.39,3.38
Mikhail Torrance,2010,PG,76.0,208.8,103.0,79.5,23.0,32.0,11.43,3.17
Evan Turner,2010,SG,77.75,213.8,103.5,80.0,27.5,34.5,11.06,3.27
Ekpe Udoh,2010,PF,80.75,237.4,106.5,88.5,31.0,33.5,11.15,3.29
Jarvis Varnado,2010,PF/C,80.25,210.2,109.5,87.5,29.5,32.5,11.61,3.37
Greivis Vasquez,2010,PG/SG,77.0,210.8,101.0,79.0,29.4,34.8,11.4,3.3
John Wall,2010,PG,74.75,195.6,101.5,81.25,30.0,39.0,10.84,3.14
Willie Warren,2010,PG/SG,74.5,208.4,99.5,78.0,23.0,31.5,11.21,3.5
Terrico White,2010,PG/SG,75.75,202.6,101.0,81.0,31.0,40.0,11.38,3.15
Hassan Whiteside,2010,PF/C,82.5,226.6,113.0,91.0,27.0,31.5,11.83,3.54
Jeff Adrien,2009,PF,77.25,236.2,107.5,86.0,27.5,31.5,11.34,3.32
Jeff Ayres,2009,PF,80.75,239.6,107.0,85.0,31.0,35.0,11.98,3.14
Rodrigue Beaubois,2009,PG,73.25,182.4,100.0,81.75,29.5,39.0,10.49,3.15
DeJuan Blair,2009,PF,77.25,276.6,106.5,86.0,26.0,33.0,11.5,3.45
Derrick Brown,2009,SF/PF,79.5,224.6,107.5,86.5,30.5,35.5,11.26,3.13
Chase Budinger,2009,SG/SF,78.25,206.4,101.0,79.0,29.5,38.5,11.08,3.24
DeMarre Carroll,2009,SF/PF,78.25,207.2,105.0,82.0,29.3,34.6,11.4,3.3
Omri Casspi,2009,SF,79.75,211.2,106.5,81.25,25.5,32.5,11.15,3.28
Dionte Christmas,2009,SG,76.25,210.8,102.5,81.0,27.0,33.5,10.83,3.21
Earl Clark,2009,SF/PF,80.5,228.4,109.5,86.5,28.5,33.0,11.17,3.35
Darren Collison,2009,PG,72.25,166.2,96.5,75.0,30.5,33.5,10.45,3.1
Dante Cunningham,2009,PF,79.0,227.4,106.5,83.0,28.0,35.0,11.18,3.26
Stephen Curry,2009,PG/SG,74.0,181.0,97.0,75.5,29.5,35.5,11.07,3.28
Austin Daye,2009,SF/PF,81.75,191.8,110.0,86.75,25.0,28.0,12.11,3.55
DeMar DeRozan,2009,SG/SF,77.5,211.2,102.5,81.0,29.0,38.5,11.88,3.31
Toney Douglas,2009,PG,73.0,183.4,97.5,78.0,28.0,32.5,10.63,3.03
Wayne Ellington,2009,SG,76.25,202.4,100.0,78.5,31.5,38.0,11.14,3.2
Tyreke Evans,2009,PG/SG,76.0,220.6,104.0,83.25,28.5,34.0,11.81,3.17
Jonny Flynn,2009,PG,71.25,195.6,95.5,76.0,33.0,40.0,10.86,3.23
Taj Gibson,2009,PF,80.5,214.4,109.0,88.0,25.5,30.0,11.56,3.41
Danny Green,2009,SG/SF,77.25,208.0,103.0,82.0,29.0,33.0,11.3,3.3
Blake Griffin,2009,PF,80.5,248.4,105.0,83.25,32.0,35.5,10.95,3.28
Tyler Hansbrough,2009,PF,80.25,234.2,106.0,83.5,27.5,34.0,11.12,3.27
James Harden,2009,SG,76.0,222.0,103.5,82.75,31.5,37.0,11.1,3.13
Gerald Henderson,2009,SG/SF,76.0,214.6,102.5,82.25,31.5,35.0,11.17,3.14
Josh Heytvelt,2009,PF/C,82.0,246.2,108.0,85.25,28.5,34.0,11.67,3.38
Jordan Hill,2009,PF/C,81.25,232.4,108.0,85.5,31.0,35.0,12.23,3.3
Jrue Holiday,2009,PG/SG,75.25,199.0,100.5,79.0,28.5,34.0,10.64,3.21
Joe Ingles,2009,SF,79.75,209.2,105.0,82.25,26.0,31.0,10.66,3.3
James Johnson,2009,SF/PF,79.0,257.2,105.5,84.75,30.5,35.0,11.21,3.23
Ty Lawson,2009,PG,71.25,196.6,94.5,72.75,29.0,36.5,10.98,3.12
Eric Maynor,2009,PG,74.25,163.6,97.0,74.5,28.5,31.5,10.78,3.19
Jack McClinton,2009,PG/SG,71.75,185.2,96.0,74.5,30.0,36.5,10.44,3.21
Jerel McNeal,2009,SG,73.5,190.4,99.5,79.25,31.5,36.5,10.61,3.25
Jodie Meeks,2009,SG,75.0,211.4,98.0,76.5,28.5,37.0,10.96,3.1
Patty Mills,2009,PG,71.25,175.4,95.0,74.0,27.5,33.0,10.87,3.1
Byron Mullens,2009,C,83.75,258.2,111.0,85.5,28.5,32.5,11.1,3.45
A.J. Price,2009,PG,72.5,192.8,97.0,75.75,26.0,31.0,10.99,3.22
Tyler Smith,2009,SF,77.25,212.0,104.5,81.75,29.0,33.5,10.69,3.24
DaJuan Summers,2009,SF,79.25,243.0,106.5,84.75,29.5,34.5,10.94,3.17
Jermaine Taylor,2009,SG,75.5,207.4,101.0,80.75,34.0,37.5,11.54,3.32
Jeff Teague,2009,PG,72.25,175.2,98.5,79.5,30.5,36.5,11.05,3.18
Hasheem Thabeet,2009,C,85.25,267.2,113.0,90.25,27.1,30.8,12.1,3.4
Marcus T. Thornton,2009,SG,74.75,194.4,99.0,77.0,31.0,33.0,10.73,3.28
Terrence Williams,2009,SG/SF,77.0,213.2,103.5,81.0,30.5,37.0,11.15,3.18
Sam Young,2009,SG/SF,77.25,222.8,105.5,82.75,27.5,33.0,11.47,3.45
Joe Alexander,2008,SF/PF,79.25,220.0,106.0,83.5,32.5,38.5,11.33,2.99
Darrell Arthur,2008,PF,79.5,216.0,107.0,82.75,28.5,30.0,12.18,3.14
D.J. Augustin,2008,PG,70.0,171.5,94.5,75.5,28.5,35.0,11.27,3.07
Jerryd Bayless,2008,PG/SG,73.75,204.0,97.0,75.5,31.0,38.0,11.26,3.07
Michael Beasley,2008,SF/PF,79.0,239.0,107.0,84.25,30.0,35.0,11.06,3.24
Ramel Bradley,2008,PG/SG,73.25,184.0,98.0,77.0,24.5,29.5,10.68,3.24
Tyrone Brazelton,2008,PG,70.0,166.0,94.0,73.75,30.0,34.0,11.59,3.25
Takais Brown,2008,PF,79.25,252.0,106.0,82.0,29.0,31.0,12.47,3.25
Keith Brumbaugh,2008,SF/PF,79.5,190.0,104.5,79.25,26.0,27.0,11.65,3.28
Stanley Burrell,2008,PG,73.5,201.0,97.5,78.25,29.5,34.5,11.19,3.19
Brian Butch,2008,PF/C,81.5,229.6,108.0,83.25,24.0,26.5,11.87,3.52
Jamar Butler,2008,PG,72.25,182.0,97.0,76.75,30.6,36.9,11.0,3.2
Pat Calathes,2008,SF/PF,80.75,204.0,106.0,81.75,29.0,34.2,11.5,3.3
Joe Crawford,2008,SG,75.0,213.0,99.5,77.75,31.0,36.0,11.67,3.22
Chris Daniels,2008,PF/C,80.25,256.0,109.0,84.5,26.0,28.5,12.72,3.56
Joey Dorsey,2008,PF/C,78.25,265.0,107.0,85.75,27.5,33.0,11.84,3.2
Marcus Dove,2008,SF/PF,78.75,208.0,105.0,83.5,27.5,33.5,11.59,3.26
Josh Duncan,2008,PF,80.0,230.0,104.5,83.5,28.0,32.0,12.47,3.26
Frank Elegar,2008,PF,79.25,210.0,106.0,87.25,33.5,37.5,11.86,3.17
Patrick Ewing Jr.,2008,SF/PF,78.0,224.0,97.5,84.25,35.0,42.0,11.77,3.43
Gary Forbes,2008,SG,76.5,220.5,104.5,83.25,27.5,33.5,11.45,3.25
Shan Foster,2008,SG,76.0,194.5,103.5,83.5,30.0,33.0,12.3,3.24
J.R. Giddens,2008,SG,76.0,208.0,103.0,83.25,29.6,35.1,11.3,3.3
James Gist,2008,PF,79.0,220.0,107.5,88.0,30.5,35.0,11.37,3.14
Vladimir Golubovic,2008,C,83.25,258.0,111.5,86.5,21.5,27.0,12.4,3.33
Eric Gordon,2008,SG,74.0,222.0,99.0,81.0,32.0,40.0,10.81,3.01
Kentrell Gransberry,2008,C,78.75,290.0,106.0,82.25,24.5,27.5,12.16,3.32
Donte Greene,2008,SF/PF,80.25,221.0,108.0,82.0,27.5,31.5,11.21,3.2
Malik Hairston,2008,SG,76.25,204.0,103.5,81.0,30.5,38.0,11.33,3.08
DeVon Hardin,2008,PF/C,81.5,235.0,109.5,87.0,29.5,32.0,11.49,3.33
Richard Hendrix,2008,PF,78.75,250.0,108.0,87.0,26.5,28.0,10.62,3.27
George Hill,2008,PG,73.25,181.0,97.5,81.0,34.0,37.5,12.2,3.07
Kyle Hines,2008,SF/PF,75.75,234.0,104.5,85.25,28.5,33.0,12.17,3.4
Jiri Hubalek,2008,PF/C,81.5,226.0,109.0,82.75,20.5,26.0,12.26,3.54
Lester Hudson,2008,PG,71.75,196.0,98.5,80.75,30.5,36.0,11.15,3.16
Othello Hunter,2008,SF/PF,78.5,220.0,109.5,87.0,28.0,34.5,11.51,3.18
Darnell Jackson,2008,PF,79.0,240.5,106.5,83.25,27.0,31.0,11.75,3.26
Shawn James,2008,PF,79.75,217.0,111.0,89.0,28.9,33.9,11.5,3.3
Davon Jefferson,2008,SF,77.25,213.0,105.0,81.5,27.0,32.0,12.02,3.36
Joseph Jones,2008,PF,79.0,240.0,107.0,84.25,25.5,31.0,11.61,3.33
DeAndre Jordan,2008,C,81.75,250.0,113.5,90.0,26.0,30.5,12.3,3.27
Sasha Kaun,2008,PF/C,81.0,247.0,110.0,88.0,29.0,32.0,12.06,3.2
Marcelus Kemp,2008,SG,75.0,221.0,103.5,80.5,26.0,30.0,11.79,3.39
Maarty Leunen,2008,SF,79.25,222.0,102.5,80.0,29.5,34.5,11.57,3.36
Longar Longar,2008,C,81.0,212.5,109.5,85.25,28.8,33.8,11.5,3.3
Brook Lopez,2008,C,83.25,258.0,113.0,89.5,27.5,30.5,12.77,3.57
Kevin Love,2008,PF,79.75,255.0,106.0,83.25,29.5,35.0,11.17,3.22
Aleks Maric,2008,C,81.75,273.0,109.5,85.0,23.0,28.0,11.76,3.35
O.J. Mayo,2008,PG/SG,75.25,200.0,99.5,78.0,30.5,41.0,11.04,3.14
James Mays,2008,PF,78.75,227.0,105.0,85.75,29.5,35.0,11.23,3.19
Luc Mbah a Moute,2008,SF,77.75,221.0,103.5,86.5,32.0,38.5,11.71,3.17
JaVale McGee,2008,PF/C,83.0,241.0,114.5,90.0,27.0,32.5,12.75,3.25
Drew Neitzel,2008,PG,71.75,175.5,95.0,74.5,25.5,32.0,11.19,3.2
DeMarcus Nelson,2008,PG/SG,73.0,198.0,98.5,82.0,34.5,38.5,10.54,3.13
David Padgett,2008,PF/C,82.25,239.5,109.5,85.0,24.0,28.0,12.45,3.45
Jeremy Pargo,2008,PG,72.5,208.0,96.0,77.0,32.0,37.0,10.65,3.07
Trent Plaisted,2008,PF,81.25,240.0,105.5,82.5,30.5,35.5,11.32,3.17
Quan Prowell,2008,SF/PF,78.75,225.5,103.5,82.5,32.0,36.0,11.79,3.14
Shaun Pruitt,2008,PF/C,80.25,242.2,107.5,85.0,27.0,32.5,11.3,3.4
Anthony Randolph,2008,SF/PF,81.0,197.0,109.0,87.0,29.0,35.0,11.86,3.26
Charles Rhodes,2008,PF,79.25,244.0,107.5,83.25,26.5,33.5,11.51,3.13
Brian Roberts,2008,PG,72.25,173.0,95.0,73.25,31.5,36.5,10.65,3.05
Russell Robinson,2008,PG,72.5,196.0,100.5,80.0,25.0,31.5,11.3,3.15
Richard Roby,2008,SG/SF,76.25,203.0,104.0,81.75,29.7,35.2,11.3,3.2
Derrick Rose,2008,PG,73.5,196.0,98.5,80.0,34.5,40.0,11.69,3.05
Sean Singletary,2008,PG,71.0,183.8,95.0,76.5,26.0,37.1,10.9,3.2
Ronald Steele,2008,PG,72.25,183.5,97.5,76.25,25.0,29.5,11.08,3.26
Bryce Taylor,2008,SG,74.75,210.0,99.5,81.0,34.5,41.0,11.08,3.19
Mike Taylor,2008,PG/SG,72.75,166.2,98.0,79.25,31.0,39.0,10.98,3.08
Mark Tyndale,2008,SG/SF,74.75,217.0,103.5,83.0,27.0,33.5,12.52,3.14
Robert Vaden,2008,SG,75.5,199.0,101.0,80.0,26.0,29.5,11.97,3.4
Deron Washington,2008,SF,77.25,198.5,102.5,81.0,34.0,40.0,11.03,3.09
Sonny Weems,2008,SG/SF,76.0,193.0,104.0,82.0,29.0,36.5,10.58,2.96
Russell Westbrook,2008,PG,74.25,192.0,100.0,79.75,30.0,36.5,10.98,3.08
Reggie Williams,2008,SG,75.25,199.0,103.0,81.25,31.5,36.5,11.32,3.07
Mohamed Abukar,2007,SF,80.0,210.0,103.0,81.0,30.5,35.0,11.78,3.37
Mario Boggan,2007,PF,77.0,240.0,107.0,86.0,24.0,26.5,12.18,3.45
Craig Bradshaw,2007,PF,80.0,240.0,106.5,85.5,26.0,28.0,11.88,3.54
Corey Brewer,2007,SG/SF,78.0,185.0,103.0,80.25,30.5,36.5,11.69,3.22
Aaron Brooks,2007,PG,70.0,161.0,94.0,76.0,32.5,39.5,10.57,3.2
Bobby Brown,2007,PG,71.0,170.0,95.5,76.0,32.5,41.0,11.27,3.25
Russell Carter,2007,SG,75.0,221.0,97.5,80.5,33.0,38.5,11.61,3.29
Coleman Collins,2007,PF,80.0,236.0,107.0,86.0,30.0,35.0,11.47,3.3
Mike Conley,2007,PG,71.0,175.0,94.5,77.75,35.5,40.5,11.63,3.09
Daequan Cook,2007,SG,75.0,203.0,101.5,80.25,30.0,34.5,11.12,3.22
Ryvon Covile,2007,PF/C,79.0,250.0,107.5,85.25,25.0,30.5,12.52,3.37
Javaris Crittenton,2007,PG,75.0,194.0,98.0,77.5,32.5,38.0,11.6,3.32
Jermareo Davidson,2007,PF,81.0,230.0,109.5,88.0,27.0,30.0,12.63,3.53
Justin Doellman,2007,PF,80.0,205.0,105.0,80.75,29.1,34.3,11.4,3.3
Zabian Dowdell,2007,PG,73.0,191.0,100.0,82.0,30.0,33.5,11.13,3.29
Jared Dudley,2007,SF,77.0,219.0,102.0,79.0,28.0,32.0,11.32,3.45
Kevin Durant,2007,SF/PF,81.0,215.0,110.0,88.75,26.0,33.5,12.33,3.45
Rashaun Freeman,2007,PF,78.0,244.0,104.0,83.5,28.0,32.0,11.43,3.41
Aaron Gray,2007,C,84.0,271.0,108.5,87.25,27.0,32.5,12.07,3.7
Caleb Green,2007,PF,78.0,238.0,103.0,83.75,28.5,36.0,11.72,3.46
Jeff Green,2007,SF,79.0,228.0,103.0,85.25,33.5,38.0,12.0,3.34
Taurean Green,2007,PG,71.0,173.0,96.0,74.25,29.0,32.5,11.3,3.26
Spencer Hawes,2007,PF,82.0,244.0,110.0,84.5,26.0,29.0,11.88,3.51
Brandon Heath,2007,PG,74.0,181.0,94.0,79.0,32.0,36.0,11.39,3.28
Herbert Hill,2007,C,79.0,232.0,108.5,86.25,30.5,34.0,12.31,3.39
Al Horford,2007,PF,80.0,246.0,107.0,84.75,31.0,35.5,12.15,3.37
Quinton Hosley,2007,SG/SF,77.0,215.0,105.0,83.25,28.5,34.0,12.47,3.32
James Hughes,2007,C,81.0,209.0,111.0,87.0,31.0,33.0,13.31,3.37
Jeremy Hunt,2007,SG,74.0,198.0,101.5,80.25,30.5,33.0,12.11,3.29
Ekene Ibekwe,2007,PF,80.0,208.0,104.0,90.0,34.5,39.0,11.0,3.28
Dominic James,2007,PG,70.0,175.0,93.0,74.0,33.5,38.5,10.94,3.11
Trey Johnson,2007,SG,75.0,216.0,98.0,77.0,26.5,35.0,11.78,3.31
Rashad Jones-Jennings,2007,PF,78.0,235.0,105.5,84.0,25.0,30.0,12.18,3.29
Jared Jordan,2007,PG,72.0,183.0,94.0,72.0,24.5,28.5,11.02,3.39
Coby Karl,2007,PG/SG,75.0,204.0,99.5,83.0,32.0,34.5,11.57,3.41
Antanas Kavaliauskas,2007,PF,81.0,237.0,106.5,82.5,25.5,30.0,11.19,3.42
Carl Landry,2007,PF,79.0,248.0,102.5,83.0,31.5,36.5,11.35,3.29
Stephane Lasme,2007,PF,77.0,213.0,107.0,86.0,29.5,36.0,11.73,3.22
Acie Law,2007,PG,74.0,186.0,98.0,78.5,29.0,34.0,11.0,3.22
Marko Lekic,2007,C,81.0,267.0,108.5,85.0,24.0,30.5,11.96,3.43
Ron Lewis,2007,SG,74.0,194.0,99.0,78.5,33.0,38.0,11.59,3.22
Cartier Martin,2007,SF,76.0,218.0,103.5,82.0,27.0,29.5,12.1,3.43
Dominic McGuire,2007,SF,79.0,220.0,104.0,82.5,28.5,34.5,10.95,3.25
Josh McRoberts,2007,PF,80.0,240.0,106.5,85.0,27.5,31.5,11.7,3.47
Sammy Mejia,2007,SG,77.0,218.0,105.0,83.0,27.0,31.5,11.87,3.49
Brad Newley,2007,SG,77.0,201.0,102.5,80.0,29.5,31.5,11.77,3.29
Demetris Nichols,2007,SF,78.0,211.0,105.0,84.25,28.5,32.5,10.39,3.38
Joakim Noah,2007,PF,82.0,223.0,106.5,85.25,32.5,37.5,11.79,3.47
Greg Oden,2007,C,83.0,257.0,112.0,88.25,32.0,34.0,11.67,3.27
Ivan Radenovic,2007,PF,81.0,226.0,106.0,83.75,23.0,28.0,11.61,3.6
JR Reynolds,2007,PG,72.0,188.0,95.0,75.25,27.5,34.5,11.69,3.24
Chris Richard,2007,PF,79.0,252.0,110.5,88.5,26.5,30.5,11.39,3.29
Dustin Salisbery,2007,SG,75.0,208.0,100.5,80.0,34.0,38.0,11.07,3.12
Blake Schilb,2007,SG,77.0,214.0,102.5,81.0,26.5,33.5,11.63,3.36
Renaldas Seibutis,2007,SG,76.0,185.0,101.0,80.75,24.0,32.5,11.33,3.39
Ramon Sessions,2007,PG,74.0,185.0,97.5,76.25,29.5,33.5,11.65,3.27
Mustafa Shakur,2007,PG,75.0,185.0,99.0,77.5,28.5,35.0,11.82,3.27
Jason Smith,2007,PF,82.75,233.0,106.0,82.75,33.5,37.5,10.96,3.29
DJ Strawberry,2007,SG,75.75,199.0,101.0,78.5,28.5,35.0,10.87,3.14
Rodney Stuckey,2007,PG/SG,75.75,207.0,100.5,79.25,30.5,35.0,11.34,3.11
Curtis Sumpter,2007,SF,78.0,227.0,104.0,81.5,27.5,32.5,11.3,3.22
Yue Sun,2007,SF,79.75,212.0,105.0,81.0,29.0,34.0,10.68,3.45
Jamaal Tatum,2007,PG,71.5,168.0,93.5,74.5,28.5,33.0,11.51,3.22
Reyshawn Terry,2007,SF,78.75,222.0,103.5,82.0,31.0,37.5,11.76,3.26
Al Thornton,2007,SF,77.75,221.0,104.0,85.0,35.0,41.0,11.96,3.16
Anthony Tolliver,2007,PF,79.0,242.0,107.5,86.5,28.5,30.0,11.49,3.29
Ali Traore,2007,PF/C,80.75,249.0,108.5,88.0,25.0,29.0,12.16,3.52
Kyle Visser,2007,C,82.0,242.0,108.0,83.0,26.0,29.0,12.6,3.39
Darryl Watkins,2007,C,80.75,241.0,110.0,87.0,26.5,31.0,11.65,3.56
Major Wingate,2007,C,80.5,242.0,109.0,88.0,27.5,30.5,12.14,3.47
DaShaun Wood,2007,PG,70.75,167.0,92.0,72.75,31.5,34.5,11.4,3.23
Brandan Wright,2007,PF,80.75,200.0,108.5,87.75,30.5,35.5,11.76,3.31
Julian Wright,2007,SF/PF,78.5,211.0,108.0,86.25,28.5,33.5,11.48,3.36
Avis Wyatt,2007,PF,80.75,212.0,107.0,85.0,27.5,32.0,11.46,3.23
Nick Young,2007,SG/SF,77.0,206.0,100.5,84.0,39.5,40.5,11.0,3.25
Thaddeus Young,2007,SF,77.75,210.0,106.0,83.5,34.5,37.0,11.06,3.19
Kenny Adeleke,2006,PF/C,78.5,250.0,104.0,82.25,28.5,30.5,11.57,3.47
Maurice Ager,2006,PG/SG,75.25,203.0,101.5,79.75,29.5,35.0,11.73,3.22
LaMarcus Aldridge,2006,PF/C,82.0,234.0,110.0,88.75,26.5,34.0,12.02,3.43
Morris Almond,2006,SG/SF,76.75,214.0,102.5,82.0,31.0,35.5,11.45,3.19
Lou Amundson,2006,PF,79.2,221.0,103.5,83.5,32.0,35.5,10.58,3.2
Rashad Anderson,2006,SG,75.25,224.0,100.0,79.0,27.5,32.5,11.77,3.48
Hilton Armstrong,2006,PF/C,81.5,240.0,109.0,88.0,28.5,31.5,12.28,3.53
James Augustine,2006,PF,80.25,227.0,104.0,84.25,30.0,32.5,10.54,3.25
Renaldo Balkman,2006,SF/PF,77.25,206.0,104.5,85.0,30.5,35.0,11.58,3.22
J.P. Batista,2006,PF,79.5,265.0,103.5,82.0,26.0,30.5,11.62,3.38
Will Blalock,2006,PG,71.25,194.0,96.5,78.0,35.0,40.0,11.08,3.18
Brandon Bowman,2006,SF,78.75,209.0,103.0,83.5,31.0,34.0,11.41,3.31
Ronnie Brewer,2006,PG/SG,77.75,223.0,103.5,83.25,35.0,41.0,11.32,3.14
Denham Brown,2006,SG/SF,76.0,218.0,102.5,81.5,28.0,34.5,11.42,3.25
Brad Buckman,2006,PF,79.25,238.0,107.5,84.0,25.5,30.5,12.26,3.54
Nik Caner-Medley,2006,SF,78.5,234.0,103.0,81.0,28.5,35.5,10.57,3.21
Rodney Carney,2006,SG/SF,76.5,204.0,103.5,82.0,32.0,38.5,10.57,3.06
Keydren Clark,2006,PG,69.0,184.0,92.5,74.5,31.0,34.0,11.03,3.11
Mardy Collins,2006,PG/SG,76.25,224.0,103.0,82.0,31.5,37.5,12.0,3.27
Taquan Dean,2006,PG/SG,74.0,183.0,98.0,78.75,30.5,34.5,10.53,3.2
Terence Dials,2006,PF/C,79.75,253.0,106.0,84.0,26.5,30.0,11.54,3.5
Sean Dockery,2006,PG/SG,72.75,182.0,95.5,76.5,29.0,33.0,10.88,3.34
Jordan Farmar,2006,PG,72.75,171.0,94.5,75.0,33.5,42.0,11.07,3.17
Randy Foye,2006,PG/SG,74.25,212.0,97.0,78.25,32.0,38.0,10.53,3.23
Torin Francis,2006,PF/C,81.0,247.0,105.5,85.0,26.5,32.0,11.97,3.51
Rudy Gay,2006,SF/PF,79.0,222.0,107.5,87.0,33.0,40.5,11.03,3.32
Nick George,2006,SG/SF,76.0,201.0,103.0,82.0,30.5,38.0,11.69,3.25
Taj Gray,2006,SF/PF,79.25,231.0,107.0,84.75,28.5,33.0,11.02,3.45
Dan Grunfeld,2006,SG/SF,76.75,216.0,99.0,78.25,28.0,33.5,11.3,3.46
Matt Haryasz,2006,PF/C,81.75,219.0,107.5,84.25,27.5,31.5,11.34,3.46
Eric Hicks,2006,PF,76.75,238.0,105.5,85.5,30.0,34.0,12.06,3.34
Tedric Hill,2006,SF/PF,79.75,236.0,107.0,85.0,30.0,36.5,12.23,3.24
Daniel Horton,2006,PG/SG,72.5,198.0,96.5,79.0,30.0,36.5,10.35,3.16
Bobby Jones,2006,SG/SF,77.75,211.0,101.5,81.5,28.5,34.5,11.23,3.28
Solomon Jones,2006,PF/C,80.5,224.0,109.0,88.75,32.0,39.0,11.27,3.3
Viktor Keyru,2006,PG/SG,77.25,202.0,104.0,81.25,29.0,34.5,11.4,3.24
Marco Killingsworth,2006,PF,77.5,266.0,104.0,87.0,28.0,32.0,11.42,3.34
Tarence Kinsey,2006,SG/SF,76.75,179.0,100.5,78.75,29.0,35.5,10.67,3.3
Carl Krauser,2006,PG,71.75,190.0,97.0,78.25,26.0,31.0,11.62,3.38
Chris McCray,2006,SG,75.0,187.0,96.5,77.75,30.5,39.0,11.46,3.34
Gerry McNamara,2006,PG/SG,71.75,177.0,92.5,72.75,27.0,32.0,11.28,3.4
Pops Mensah-Bonsu,2006,PF/C,79.5,232.0,105.5,84.0,31.5,36.0,11.47,3.29
Paul Miller,2006,PF/C,80.5,251.0,101.5,84.0,29.0,35.5,12.25,3.66
Paul Millsap,2006,PF,78.25,258.0,105.5,85.5,28.5,32.5,11.67,3.3
Dwayne Mitchell,2006,SG/SF,74.0,208.0,98.5,78.5,37.5,41.5,11.45,3.16
Adam Morrison,2006,SF,78.5,198.0,105.0,82.0,25.5,30.5,11.46,3.37
Yemi Nicholson,2006,PF/C,79.75,258.0,107.0,88.25,26.5,26.0,12.57,3.65
David Noel,2006,SG/SF,76.5,223.0,100.0,81.5,34.5,38.5,10.54,3.07
Steve Novak,2006,SF,80.0,216.0,103.0,81.5,24.5,31.0,11.11,3.37
Patrick O'Bryant,2006,C,83.0,249.0,113.0,89.75,26.5,30.0,12.68,3.63
Danilo Pinnock,2006,PG/SG,74.75,204.0,100.5,79.5,29.5,35.5,11.91,3.08
Chris Quinn,2006,PG/SG,72.5,175.0,94.0,77.0,32.0,37.0,11.25,3.25
Allan Ray,2006,SG,73.0,204.0,99.5,80.5,28.5,35.5,11.01,3.2
JJ Redick,2006,SG,76.0,190.0,97.5,75.25,27.5,33.0,10.94,3.29
Antywane Robinson,2006,SF/PF,78.25,217.0,105.5,86.5,29.0,32.5,11.73,3.4
Brandon Roy,2006,SG/SF,77.25,207.0,101.0,80.0,34.0,40.5,11.13,3.27
Mouhamed Sene,2006,C,83.0,237.0,113.0,92.5,28.5,31.0,12.52,3.38
Cedric Simmons,2006,PF/C,80.25,223.0,108.5,88.25,30.5,35.0,11.05,3.31
Marcus Slaughter,2006,SF/PF,79.0,220.0,104.5,83.5,30.0,34.0,11.56,3.4
Craig Smith,2006,PF,77.5,259.0,103.5,81.5,30.0,29.5,11.59,3.4
Steven Smith,2006,SF/PF,79.5,238.0,104.0,84.5,29.5,34.5,12.08,3.4
Michael Southhall,2006,C,81.5,241.0,107.5,88.25,31.5,37.0,12.29,3.51
Frans Steyn,2006,C,85.25,280.0,109.0,86.25,28.5,29.5,11.67,3.38
Curtis Stinson,2006,SG,73.75,208.0,97.5,77.0,28.0,31.5,10.95,3.27
Tyrus Thomas,2006,SF/PF,79.25,217.0,108.0,87.0,34.0,39.5,11.36,3.2
Joah Tucker,2006,SG/SF,75.75,224.0,99.5,78.5,29.0,34.0,11.58,3.31
Ian Vouyoukas,2006,PF/C,80.5,267.0,108.5,84.75,23.0,28.0,13.7,3.72
Darius Washington,2006,PG,71.5,195.0,96.0,76.0,29.0,37.5,10.71,3.26
CJ Watson,2006,PG,72.5,171.0,96.0,78.0,31.5,34.0,11.61,3.15
Eric Williams,2006,PF/C,79.25,285.0,106.5,88.25,28.5,29.0,11.71,3.56
Justin Williams,2006,PF/C,79.25,211.0,109.0,85.5,26.5,31.5,11.9,3.31
Marcus Williams,2006,PG,74.0,215.0,97.5,79.0,24.5,28.0,11.3,3.4
Shawne Williams,2006,SF/PF,79.25,227.0,104.0,87.0,32.0,31.0,10.69,3.3
Shelden Williams,2006,PF/C,79.5,258.0,104.0,88.25,29.0,33.5,11.53,3.59
Curtis Withers,2006,SF/PF,78.0,227.0,101.0,82.0,35.0,36.5,11.54,3.1
Alex Acker,2005,SG,75.75,183.0,102.5,84.0,28.0,32.0,11.67,3.35
Deji Akindele,2005,PF/C,81.5,236.4,108.5,87.0,30.5,32.5,12.58,3.35
Nemanja Aleksandrov,2005,SF/PF,82.0,220.6,110.0,83.0,28.5,33.3,11.6,3.3
Alan Anderson,2005,SG/SF,76.5,223.2,104.0,81.5,26.5,30.5,10.32,3.27
Martynas Andriuskevicius,2005,PF/C,85.25,227.8,112.5,83.25,24.0,27.5,11.94,3.42
Sean Banks,2005,SF,77.75,206.4,108.0,85.0,25.0,31.5,11.74,3.35
Eddie Basden,2005,SG/SF,76.25,210.0,101.0,82.25,33.0,36.5,10.52,3.21
Mike Bell,2005,SF/PF,80.75,206.2,104.5,85.5,33.5,39.5,11.73,3.29
Andrew Bogut,2005,PF/C,83.0,250.6,110.5,87.0,27.5,33.5,12.06,3.51
Dee Brown,2005,PG/SG,71.0,179.0,94.0,74.0,30.8,37.3,10.9,3.2
Will Bynum,2005,PG/SG,70.5,188.8,93.0,75.5,33.0,40.5,11.12,3.0
Marcus Campbell,2005,C,82.25,280.4,114.0,90.0,27.2,31.0,12.1,3.4
Will Conroy,2005,PG,73.0,188.6,96.5,75.0,30.5,36.5,10.51,3.28
Taylor Coppenrath,2005,SF/PF,79.75,252.4,106.5,83.5,24.5,27.0,11.51,3.44
Travis Diener,2005,PG/SG,71.75,165.2,93.5,71.75,24.5,31.0,10.85,3.26
Ike Diogu,2005,PF,78.5,255.4,109.0,87.5,28.0,31.0,11.94,3.45
Daryl Dorsey,2005,PG,71.25,160.8,94.0,71.5,25.0,30.5,11.41,3.24
Monta Ellis,2005,PG/SG,74.25,176.6,98.0,74.75,26.5,31.5,12.13,3.31
Raymond Felton,2005,PG,71.5,199.4,98.0,76.25,29.0,33.5,10.5,3.06
Rudy Fernandez,2005,SG,76.75,172.0,101.5,79.5,26.5,35.5,10.48,3.33
D'Or Fischer,2005,PF/C,81.25,242.4,110.5,90.0,28.0,30.5,12.53,3.5
Eddy Fobbs,2005,PF/C,82.25,235.2,111.5,90.75,29.5,34.0,11.53,3.28
Sharrod Ford,2005,PF,79.25,212.8,106.0,85.5,28.5,37.0,11.92,3.2
Channing Frye,2005,PF/C,81.5,243.6,110.5,86.5,27.5,31.0,11.6,3.38
Deng Gai,2005,PF/C,79.75,214.0,110.5,88.5,31.5,35.5,12.51,3.27
Francisco Garcia,2005,SG/SF,77.75,189.6,103.0,82.75,27.5,31.5,10.63,3.33
John Gilchrist,2005,PG,73.25,195.2,96.5,81.25,30.5,36.5,11.48,3.15
Marcin Gortat,2005,PF/C,83.0,225.2,110.0,87.5,29.5,36.0,11.48,3.33
Joey Graham,2005,SF,77.25,216.6,104.0,80.0,30.0,36.0,10.62,3.05
Danny Granger,2005,SF,79.5,225.4,103.0,85.5,31.0,34.0,10.84,3.34
Gerald Green,2005,SF,78.0,192.0,104.0,81.75,31.5,39.0,11.2,3.21
Charles Hayes,2005,SF/PF,77.5,232.4,104.5,82.0,30.0,33.0,10.7,3.34
Luther Head,2005,PG/SG,74.0,178.8,98.5,77.25,31.5,38.5,11.12,3.21
Julius Hodge,2005,SG/SF,78.0,202.2,107.5,84.5,24.5,29.0,10.89,3.18
Jared Homan,2005,PF/C,79.75,248.2,104.5,85.25,28.2,32.7,11.7,3.3
Ersan Ilyasova,2005,SF,79.75,208.8,109.5,85.25,22.0,30.0,11.59,3.56
Jarrett Jack,2005,PG,74.5,197.6,100.0,79.5,26.0,28.5,10.87,3.24
Dwayne Jones,2005,PF/C,80.5,242.2,108.5,86.75,28.0,31.5,11.87,3.25
Mindaugas Katelynas,2005,SF/PF,79.5,217.0,105.5,83.0,31.5,35.0,11.6,3.38
Jason Klotz,2005,PF/C,80.5,249.4,107.5,82.0,21.5,27.0,13.13,3.68
Keith Langford,2005,SG/SF,74.25,203.2,101.0,81.0,32.0,29.5,11.38,3.23
David Lee,2005,PF,79.75,229.5,106.5,84.0,30.5,32.5,10.8,3.19
John Lucas III,2005,PG,69.25,154.4,92.0,72.0,29.0,34.0,10.44,3.14
David Lucas,2005,PF,78.5,233.4,103.5,84.0,28.7,33.6,11.6,3.3
Rawle Marshall,2005,SG/SF,76.5,186.6,104.0,85.0,30.5,37.0,11.64,3.21
Jason Maxiell,2005,PF,77.0,257.6,107.0,87.25,28.4,33.0,11.7,3.3
Sean May,2005,PF,79.0,258.8,105.0,85.25,30.0,33.0,11.04,3.29
Rashad McCants,2005,SG,74.75,201.0,103.5,82.75,32.5,34.5,10.39,3.11
Ivan McFarlin,2005,PF,77.5,228.6,105.5,81.0,26.5,32.0,10.64,3.27
Juan Mendez,2005,SF/PF,77.25,231.4,106.5,84.0,29.0,33.0,11.7,3.24
Aaron Miles,2005,PG,72.0,174.6,94.0,75.5,32.0,37.5,10.69,3.22
Ellis Myles,2005,PF,78.0,255.2,105.5,81.75,26.0,28.5,12.8,3.42
Larry O'Bannon,2005,SG,75.0,196.0,99.5,78.0,31.5,36.5,11.44,3.18
Drago Pasalic,2005,SF/PF,81.5,238.8,108.5,83.75,25.0,30.5,12.12,3.48
Chris Paul,2005,PG,71.75,178.0,93.0,76.25,32.0,38.0,11.09,3.22
Kevin Pittsnogle,2005,PF,81.25,259.2,106.0,82.5,27.8,32.0,11.9,3.4
Carlos Powell,2005,SF/PF,77.25,221.8,105.0,82.75,27.5,34.5,11.54,3.21
Roger Powell,2005,SF,76.75,218.6,104.0,83.5,29.3,34.5,11.4,3.3
Ronnie Price,2005,PG,72.75,184.8,96.5,77.5,31.5,39.0,10.49,3.29
Anthony Roberson,2005,PG,72.75,178.8,95.0,74.75,31.5,37.0,11.17,3.19
Brandon Rush,2005,SG/SF,77.0,211.4,104.5,83.25,32.5,35.0,11.33,3.31
Luke Schenscher,2005,C,83.75,241.6,111.5,89.0,23.5,26.5,12.4,3.47
Wayne Simien,2005,PF,79.25,255.8,107.0,84.0,27.0,27.5,11.05,3.35
Tre Simmons,2005,SG/SF,76.0,194.2,102.5,79.5,27.0,31.5,10.8,3.18
David Simon,2005,PF/C,80.0,258.8,108.0,87.5,28.0,33.0,11.98,3.44
Chris Taft,2005,PF,80.5,261.0,109.0,85.75,28.5,33.0,11.26,3.27
Chris Thomas,2005,PG,71.75,176.2,95.0,75.0,28.5,34.0,10.84,3.33
Omar Thomas,2005,SG/SF,75.25,200.0,102.0,80.0,25.0,29.5,11.11,3.27
Dijon Thompson,2005,SG/SF,78.25,195.8,105.5,81.75,29.5,35.1,11.3,3.3
Ronny Turiaf,2005,PF,80.0,237.8,106.5,85.5,30.5,33.0,11.5,3.23
Charlie Villanueva,2005,SF/PF,81.0,236.6,109.0,84.25,26.0,31.0,10.86,3.3
Hakim Warrick,2005,SF/PF,79.25,215.0,108.0,86.0,33.0,38.0,11.5,3.22
Martell Webster,2005,SF,78.0,229.6,106.0,83.0,28.0,30.5,11.39,3.39
Robert Whaley,2005,PF/C,80.0,269.4,108.0,86.0,28.5,33.5,12.11,3.25
Deron Williams,2005,PG,73.75,202.4,98.0,78.25,30.0,35.0,10.83,3.25
Jawad Williams,2005,SF,79.0,218.0,106.5,85.25,28.0,34.0,11.39,3.23
Marvin Williams,2005,SF/PF,79.0,228.2,108.0,87.5,29.5,35.0,11.11,3.17
Antoine Wright,2005,SG/SF,77.25,202.6,104.5,80.75,26.5,29.5,11.45,3.41
Bracey Wright,2005,PG/SG,73.25,186.8,100.5,82.0,30.0,36.0,11.58,3.27
Tony Allen,2004,SG,75.5,214.0,102.0,81.0,31.5,36.5,10.7,3.19
Trevor Ariza,2004,SG/SF,79.0,201.0,107.5,86.0,29.5,32.0,11.63,3.29
Andre Barrett,2004,PG,68.75,171.0,92.0,73.0,29.0,34.5,10.63,3.08
Brandon Bass,2004,PF,78.25,246.0,106.5,86.5,31.5,33.0,11.61,3.24
Tony Bobbitt,2004,SG,74.75,185.0,100.0,79.0,30.2,36.2,11.1,3.2
Brian Boddicker,2004,SF/PF,79.5,230.0,105.5,82.0,28.0,30.0,10.93,3.25
Tim Bowers,2004,PG/SG,72.5,181.0,98.0,81.0,37.0,43.5,11.24,3.21
Andre Brown,2004,PF/C,80.0,236.0,107.0,83.0,32.0,35.5,11.7,3.22
Antonio Burks,2004,PG,72.0,191.0,96.5,78.5,30.5,36.6,11.0,3.2
Jackie Butler,2004,C,80.0,263.0,109.0,85.5,23.0,25.0,13.32,3.4
Aleksandar Capin,2004,PG,72.0,176.0,94.0,73.5,23.0,29.0,11.5,3.27
Ales Chan,2004,C,84.0,255.0,113.0,87.0,21.0,29.0,12.9,3.62
Josh Childress,2004,SG/SF,77.75,196.0,105.0,83.0,29.0,36.0,11.95,3.38
TJ Cummings,2004,SF,79.5,215.0,106.5,81.5,27.0,31.0,11.58,3.12
Erik Daniels,2004,SF/PF,78.25,223.0,106.0,83.0,31.0,32.0,11.38,3.19
Luol Deng,2004,SF,79.0,220.0,108.5,84.5,27.5,31.5,11.46,3.34
Marcus Douthit,2004,PF/C,81.5,223.0,111.5,88.0,25.5,31.5,11.64,3.34
Chris Duhon,2004,PG,72.0,193.0,98.0,78.5,31.5,35.0,10.45,3.14
John Edwards,2004,C,83.25,264.0,113.0,88.5,27.5,31.4,12.0,3.4
Andre Emmett,2004,SG/SF,75.5,216.0,100.0,81.0,29.5,34.9,11.3,3.3
Desmon Farmer,2004,SG,76.5,214.0,103.0,80.5,24.0,31.0,10.89,3.2
Luis Flores,2004,PG/SG,72.5,202.0,98.5,79.5,29.0,32.0,10.97,3.1
Matt Freije,2004,SF/PF,80.25,234.0,108.5,85.0,29.5,31.0,11.15,3.25
Chris Garnett,2004,PF/C,80.25,260.0,108.0,85.0,27.0,31.5,11.75,3.36
Ryan Gomes,2004,SF/PF,78.5,248.0,106.5,86.0,26.5,30.5,12.49,3.24
Ben Gordon,2004,PG/SG,73.0,192.0,99.0,80.5,31.5,37.5,11.28,3.19
Devin Harris,2004,PG,73.75,170.0,98.5,79.5,30.5,37.0,11.03,3.19
Dwight Howard,2004,PF/C,81.0,240.0,111.5,88.5,30.5,35.5,11.21,3.14
Rolando Howell,2004,PF,79.5,229.0,107.0,84.5,28.5,34.5,11.91,3.28
Kris Humphries,2004,PF,80.25,238.0,106.5,84.5,29.5,36.0,11.33,3.2
Andre Iguodala,2004,SG/SF,77.75,217.0,105.5,83.0,30.5,34.5,11.17,3.18
Martin Iti,2004,PF/C,80.5,233.0,111.5,89.0,26.5,32.5,12.28,3.41
Luke Jackson,2004,SG/SF,78.0,212.0,103.0,80.5,26.5,36.0,11.1,3.24
Al Jefferson,2004,SF/PF,80.5,263.0,110.0,86.5,28.5,30.0,13.08,3.29
Arthur Johnson,2004,PF/C,79.0,262.0,109.0,87.0,26.5,28.5,11.81,3.38
Ivan Koljevic,2004,PG,73.0,172.0,95.0,74.5,26.0,28.5,11.07,3.28
Herve Lamizana,2004,SF/PF,79.5,210.0,107.0,85.5,29.1,34.3,11.5,3.3
Sergei Lishouk,2004,SF/PF,82.25,244.0,109.5,84.0,28.0,32.4,11.8,3.4
Shaun Livingston,2004,PG/SG,78.25,186.0,105.5,83.0,26.5,30.0,10.72,3.23
Jaime Lloreda,2004,PF,78.75,247.0,107.0,81.5,25.5,29.5,12.93,3.23
Bryant Matthews,2004,SG/SF,77.75,206.0,105.5,84.5,29.0,34.5,11.08,3.13
Marcus Melvin,2004,SF/PF,78.75,241.0,105.5,84.0,25.0,30.5,11.81,3.33
Rich Melzer,2004,SF/PF,79.5,229.0,107.0,86.0,24.5,28.5,11.74,3.39
Ricky Minard,2004,PG/SG,75.25,198.0,101.5,79.0,27.5,33.0,10.94,3.1
James Moore,2004,SF/PF,78.5,198.0,107.0,84.5,28.5,32.5,11.01,3.21
Marcus Moore,2004,PG/SG,76.0,202.0,101.5,81.0,25.0,30.0,11.31,3.34
Michel Morandais,2004,SG/SF,75.75,205.0,102.0,83.5,30.5,33.5,11.45,3.22
Jameer Nelson,2004,PG,71.0,199.0,95.0,74.5,28.5,33.5,10.95,3.14
Misan Nikagbatse,2004,PG/SG,75.5,223.0,102.0,82.0,27.5,32.5,11.27,3.32
Emeka Okafor,2004,PF/C,80.75,257.0,110.5,88.0,31.5,34.0,12.32,3.15
Randall Orr,2004,SF/PF,81.0,193.0,107.5,82.5,26.5,33.0,11.18,3.27
Dylan Page,2004,SF,79.5,239.0,105.0,79.0,26.0,30.0,10.99,3.4
Rickey Paulding,2004,SG,74.75,210.0,101.5,81.5,30.0,36.0,11.14,3.17
Kelvin Pena,2004,PG/SG,74.25,182.0,99.5,78.5,27.5,32.5,11.5,3.24
Tim Pickett,2004,PG/SG,75.0,207.0,100.5,79.5,29.7,35.3,11.3,3.2
Omar Quintero,2004,PG,69.75,170.0,92.5,71.5,25.0,29.0,11.37,3.25
Peter Ramos,2004,C,85.75,266.0,111.5,89.5,24.0,26.5,12.61,3.6
Jared Reiner,2004,PF/C,82.0,246.0,109.0,84.5,22.0,26.0,12.65,3.56
Lawrence Roberts,2004,PF,79.5,233.0,106.5,81.5,27.5,33.0,12.52,3.3
Bernard Robinson,2004,SG/SF,77.25,208.0,102.0,82.0,28.5,34.5,10.91,3.17
Nate Robinson,2004,PG,67.75,181.0,91.5,73.0,35.5,43.5,10.75,2.96
Aerick Sanders,2004,PF,78.5,205.0,106.0,83.5,24.5,30.5,11.98,3.37
Romain Sato,2004,SG,74.0,204.0,102.5,83.0,31.5,35.5,11.27,3.18
Blagota Sekulic,2004,SF/PF,81.25,234.0,107.0,83.0,23.5,31.5,10.93,3.39
J.R. Smith,2004,SG/SF,77.5,227.0,104.0,82.0,29.0,35.5,10.93,3.21
Josh Smith,2004,SG/SF,79.0,221.0,106.5,84.0,32.5,39.5,11.43,3.24
Kirk Snyder,2004,SG/SF,78.0,228.0,104.0,81.0,30.0,35.0,10.79,3.13
Pape Sow,2004,PF/C,80.5,233.0,108.5,86.0,28.0,31.5,12.13,3.27
Tiago Splitter,2004,PF/C,82.25,233.0,109.5,86.0,26.0,31.5,11.65,3.38
Tom Timmerrmans,2004,PF/C,82.5,272.0,107.5,83.0,23.0,26.5,13.13,3.63
Marko Tomas,2004,PG/SG,78.5,198.0,103.5,79.0,32.0,31.5,11.8,3.23
Beno Udrih,2004,PG,74.5,199.0,98.0,76.5,30.0,35.7,11.2,3.2
Jackson Vroman,2004,PF/C,81.25,226.0,105.5,84.0,29.5,33.5,10.75,3.25
Delonte West,2004,PG/SG,73.5,183.0,99.5,78.0,30.0,35.0,11.2,3.15
Damien Wilkins,2004,SG/SF,76.5,222.0,106.0,84.0,26.5,31.0,11.92,3.15
Mike Williams,2004,SF,77.5,197.0,105.5,83.5,23.5,27.5,11.59,3.42
Nate Williams,2004,SF/PF,80.5,240.0,109.5,85.5,23.5,26.0,12.6,3.35
Rashad Wright,2004,PG,72.5,190.0,98.5,82.0,28.5,32.5,11.15,3.28
Aloysius Anagonye,2003,PF,78.75,257.0,106.0,86.5,31.0,34.5,12.93,3.3
Rick Anderson,2003,SF/PF,80.25,216.0,106.5,83.0,26.0,30.5,11.23,3.4
Carmelo Anthony,2003,SF,78.25,233.0,105.5,84.0,30.5,33.5,11.4,3.15
Jerome Beasley,2003,SF/PF,81.0,237.0,107.0,84.5,27.0,32.0,11.36,3.25
Troy Bell,2003,PG,72.25,178.0,97.5,77.0,34.5,41.0,10.89,3.06
LaVell Blanchard,2003,SF,78.0,205.0,101.5,78.0,33.5,36.5,11.64,3.38
Keith Bogans,2003,SG,76.25,213.0,101.0,81.25,29.5,35.0,11.43,3.25
Matt Bonner,2003,SF/PF,80.5,242.0,105.5,80.75,27.0,32.0,11.52,3.32
Chris Bosh,2003,PF,82.25,225.0,109.0,87.5,30.5,33.0,11.8,3.3
Jermaine Boyette,2003,PG/SG,73.0,187.0,96.0,76.0,29.0,35.5,11.2,3.07
Souleymane Camara,2003,SF/PF,81.75,211.0,109.0,86.25,28.5,34.5,11.51,3.2
Matt Carroll,2003,SG/SF,77.0,207.0,98.5,78.5,29.0,33.5,11.11,3.35
Nick Collison,2003,PF,80.75,255.0,108.0,85.5,28.0,33.0,11.62,3.28
Brian Cook,2003,SF/PF,81.5,234.0,109.0,86.0,25.0,29.0,11.87,3.45
Joel Cornette,2003,SF/PF,80.25,239.0,105.5,81.25,26.0,32.5,11.27,3.14
Marquis Daniels,2003,PG/SG,77.25,198.0,103.5,82.0,30.5,35.0,11.62,3.25
Aleksander Djuric,2003,PF/C,82.0,253.0,108.0,84.0,23.5,27.5,11.97,3.65
Ruben Douglas,2003,SG,75.5,193.0,100.5,79.25,28.5,35.0,11.95,3.27
Ronald Dupree,2003,SG/SF,78.0,209.0,101.0,80.25,37.5,41.5,11.09,3.23
Carl English,2003,PG/SG,76.0,201.0,98.5,77.25,28.0,34.0,11.77,3.32
Ebi Ere,2003,SG,75.5,210.0,102.0,82.5,29.5,33.5,11.38,3.16
Marquis Estill,2003,PF/C,80.5,257.0,108.0,88.0,30.0,36.0,12.92,3.31
T.J. Ford,2003,PG,71.0,162.0,93.5,71.5,32.5,39.5,11.45,3.2
Jason Gardner,2003,PG,69.75,194.0,92.0,73.0,30.5,35.0,10.62,3.17
Willie Green,2003,PG/SG,74.5,201.0,100.0,79.25,28.5,28.5,11.86,3.19
Justin Hamilton,2003,PG/SG,75.0,217.0,103.0,83.0,30.0,37.5,11.18,3.18
Travis Hansen,2003,SG,76.5,200.0,100.5,78.5,31.5,35.0,10.72,3.18
Trevor Harvey,2003,PF/C,81.5,245.0,109.5,85.0,29.5,32.0,11.85,3.32
Marcus Hatten,2003,PG,72.75,163.0,98.0,78.25,29.5,37.5,11.5,3.15
Kirk Hinrich,2003,PG/SG,74.75,186.0,98.5,78.0,29.0,33.5,10.98,3.1
Jerry Holman,2003,PF,80.75,232.0,109.5,87.25,33.0,37.5,11.54,3.24
Sam Hoskin,2003,PF,79.25,261.0,107.5,82.75,28.0,32.3,11.8,3.4
Josh Howard,2003,SG/SF,77.25,202.0,105.5,86.0,33.0,36.5,10.89,3.09
Brandon Hunter,2003,PF,78.5,266.0,105.5,86.75,32.5,35.0,11.13,3.21
Sani Ibrahim,2003,PF/C,80.5,229.0,109.5,85.0,26.0,30.5,13.02,3.4
Michael Ignerski,2003,SF/PF,81.5,232.0,107.0,82.75,26.5,33.0,11.21,3.13
Robert Jackson,2003,PF/C,79.75,254.0,107.5,84.0,23.5,26.0,11.26,3.25
LeBron James,2003,SG/SF,79.25,245.0,106.3,84.25,28.4,33.0,11.7,3.3
Britton Johnsen,2003,SF/PF,82.0,212.0,107.5,82.75,26.5,32.5,10.67,3.08
Dahntay Jones,2003,SG/SF,76.75,214.0,102.5,81.0,30.0,39.5,10.91,3.11
James Jones,2003,SF,79.25,218.0,107.5,86.5,30.5,33.0,11.18,3.19
Chris Kaman,2003,PF/C,83.5,252.0,110.5,83.75,23.5,30.5,11.33,3.37
Jason Kapono,2003,SG/SF,78.5,215.0,102.0,78.5,23.5,30.0,11.04,3.38
Jason Keep,2003,PF/C,81.75,270.0,106.5,84.5,29.5,34.0,11.18,3.3
Bernard King,2003,PG/SG,75.75,200.0,98.5,77.5,28.0,33.5,11.37,3.18
Brandin Knight,2003,PG,71.75,190.0,95.5,78.0,30.5,36.7,11.0,3.2
Kyle Korver,2003,SF,78.25,211.0,102.5,81.5,25.5,31.5,11.42,3.47
James Lang,2003,PF/C,80.25,316.0,110.0,90.25,24.5,32.0,14.01,3.55
Donald Little,2003,PF/C,81.5,229.0,97.0,87.0,33.0,37.0,11.18,3.2
Chris Marcus,2003,C,84.0,334.0,114.0,92.0,25.9,28.5,12.5,3.5
Chris Massie,2003,PF/C,78.5,259.0,106.5,85.0,26.5,33.0,12.48,3.22
Will McDonald,2003,PF/C,81.5,258.0,109.5,87.5,25.0,32.5,11.83,3.42
Darko Milicic,2003,PF,83.5,250.0,111.5,89.0,26.5,32.5,11.3,3.36
Jeff Newton,2003,PF,80.0,199.0,106.0,85.0,27.5,34.0,11.18,3.23
Uche Nsonwu-Amadi,2003,PF/C,79.75,246.0,106.5,87.75,27.5,29.0,11.83,3.25
Ugonna Okyekwe,2003,SF,79.25,228.0,109.0,87.0,32.0,36.5,11.43,3.2
Marlon Parmer,2003,PG,72.75,184.0,97.0,75.5,28.0,32.0,11.0,3.42
Stephane Pelle,2003,SF/PF,79.0,246.0,107.0,86.0,28.5,33.0,11.37,3.27
Kirk Penney,2003,SG/SF,77.0,218.0,97.0,77.25,32.0,35.5,10.44,3.04
Pavel Podkolzin,2003,C,87.5,303.0,116.0,89.75,19.5,22.5,13.4,3.8
Josh Powell,2003,SF/PF,80.0,227.0,107.5,85.0,32.5,38.5,11.72,3.2
Hollis Price,2003,PG/SG,71.5,165.0,94.5,76.5,27.5,33.0,10.72,3.25
Luke Ridnour,2003,PG,73.0,167.0,95.5,75.0,26.0,32.5,11.0,3.28
Joe Shipp,2003,SG,76.0,224.0,103.0,82.0,29.0,34.5,11.75,3.2
Ron Slay,2003,SF/PF,78.0,236.0,103.5,82.0,28.5,31.5,12.01,3.43
Theron Smith,2003,SF/PF,78.5,234.0,104.5,82.25,28.5,32.0,10.99,3.1
Tommy Smith,2003,SF/PF,81.0,200.0,107.5,86.5,30.0,33.0,11.54,3.14
Marvin Stone,2003,PF/C,81.5,261.0,109.5,87.5,25.5,27.5,12.1,3.5
Michael Sweetney,2003,PF,79.25,262.0,107.5,85.0,26.0,31.5,12.9,3.28
Sasha Vujacic,2003,PG/SG,77.5,193.0,101.0,77.5,29.7,35.3,11.3,3.2
Dwyane Wade,2003,SG/SF,75.75,212.0,102.0,82.75,31.5,35.0,10.56,3.08
Wayne Wallace,2003,PF,79.25,187.0,108.0,86.0,29.5,36.0,11.85,3.24
Luke Walton,2003,SF/PF,79.75,235.0,104.0,80.5,28.0,33.2,11.6,3.3
David West,2003,SF/PF,80.25,226.0,108.3,88.25,28.5,31.5,12.18,3.43
Mo Williams,2003,PG/SG,72.75,189.0,98.5,77.5,30.4,36.5,11.0,3.2
Wesley Wilson,2003,PF/C,82.25,257.0,110.5,87.0,27.0,30.5,12.19,3.3
Doug Wrenn,2003,SF/PF,77.75,220.0,100.5,91.5,34.5,41.0,11.38,3.17
Derrick Zimmerman,2003,PG,73.0,190.0,96.3,81.0,34.0,40.5,11.09,3.1
Robert Archibald,2002,PF/C,82.0,250.0,109.5,83.75,24.0,27.5,11.34,3.33
Maurice Baker,2002,PG,71.75,178.0,96.0,76.0,29.5,33.0,12.19,3.29
Matt Barnes,2002,SF,78.75,226.0,96.5,81.0,35.5,40.5,10.68,3.28
Lubos Barton,2002,SG/SF,78.5,221.0,107.0,84.0,25.5,31.5,11.2,3.31
Lonny Baxter,2002,PF/C,78.25,264.0,107.5,85.5,28.0,32.5,11.77,3.21
Lee Benson,2002,SF/PF,80.25,217.0,109.0,85.75,27.5,32.5,11.44,3.29
Carlos Boozer,2002,PF,79.75,258.0,108.5,86.25,26.5,28.5,10.77,3.31
Curtis Borchardt,2002,C,82.75,238.0,112.0,86.5,24.0,27.0,12.56,3.63
J.R. Bremer,2002,PG/SG,73.25,188.0,96.0,74.25,30.0,35.5,10.93,3.1
Brian Brown,2002,PG/SG,74.5,194.0,99.0,79.0,26.0,33.0,11.43,3.29
Sylvere Bryan,2002,PF,81.0,226.0,109.5,88.5,28.5,29.5,12.03,3.2
Chris Burgess,2002,C,82.0,246.0,109.0,83.5,24.5,31.0,11.58,3.37
Caron Butler,2002,SG/SF,77.25,222.0,103.5,83.5,27.0,31.0,12.15,3.33
Rasual Butler,2002,SF,78.75,198.0,105.5,84.0,31.5,37.5,11.54,3.29
Mire Chatman,2002,PG/SG,72.0,174.0,98.0,78.0,29.0,33.0,11.12,3.18
Chris Christoffersen,2002,C,84.75,291.0,109.0,87.5,28.0,31.0,12.55,3.39
Lenny Cooke,2002,SG/SF,77.5,214.0,107.0,85.0,29.3,34.5,11.4,3.3
Craig Dawson,2002,SG/SF,75.5,200.0,102.0,78.25,26.0,30.0,12.06,3.25
Mike Dunleavy,2002,SF,80.0,230.0,106.0,81.0,24.5,29.0,11.55,3.3
Teddy Dupay,2002,PG,69.5,178.0,90.5,70.75,28.0,33.0,10.53,3.19
Corsley Edwards,2002,PF,79.25,285.0,106.5,82.75,28.5,33.0,12.18,3.31
Andy Ellis,2002,PF,81.25,220.0,102.0,82.25,32.0,35.5,11.69,3.34
Melvin Ely,2002,PF,81.0,240.0,111.0,88.0,26.0,29.0,11.96,3.35
Reggie Evans,2002,PF,79.5,250.0,107.5,86.5,26.0,29.5,12.73,3.26
Peter Fehse,2002,PF/C,82.0,220.0,109.0,84.5,28.5,33.3,11.6,3.3
Drew Gooden,2002,PF,80.75,227.0,106.5,84.5,29.0,33.0,11.81,3.19
David Graves,2002,SG,76.5,212.0,101.0,79.0,26.0,29.5,11.2,3.27
Lynn Greer,2002,PG,72.25,170.0,94.5,73.0,29.5,36.5,11.24,3.16
Rod Grizzard,2002,SG/SF,78.0,193.0,107.0,84.0,29.6,35.2,11.3,3.3
Anthony Grundy,2002,PG/SG,72.75,167.0,99.0,79.75,27.5,32.0,11.1,3.39
Marcus Haislip,2002,PF,80.5,221.0,107.0,84.0,33.5,36.5,11.35,3.21
Damon Hancock,2002,PG/SG,74.75,203.0,99.5,78.0,32.0,35.0,11.62,3.03
Greg Harrington,2002,PG,73.0,183.0,97.0,75.75,28.5,34.0,12.06,3.32
Udonis Haslem,2002,PF,79.75,250.0,107.0,83.0,28.5,33.5,11.8,3.31
Cordell Henry,2002,PG,68.0,155.0,92.0,73.0,33.0,37.5,11.3,3.04
Randy Holcomb,2002,SF/PF,79.0,225.0,105.0,85.0,29.5,35.5,12.85,3.22
Ryan Humphrey,2002,SF/PF,78.0,223.0,104.5,84.0,31.5,37.5,11.75,3.2
Jared Jeffries,2002,PF,82.0,230.0,109.0,84.5,26.0,30.0,11.73,3.4
Jason Jennings,2002,C,83.25,249.0,111.0,91.0,29.0,32.0,11.92,3.62
Fred Jones,2002,SG,74.25,218.0,100.0,84.0,33.5,37.5,11.12,3.13
Lonnie Jones,2002,PF/C,82.25,230.0,112.0,86.25,30.5,31.5,11.8,3.33
Mario Kasun,2002,C,83.75,260.0,109.0,83.5,27.5,31.4,12.0,3.4
Sean Kennedy,2002,PG,72.75,182.0,96.0,74.5,22.5,26.5,11.64,3.28
Kris Lang,2002,PF/C,81.25,242.0,109.0,83.75,28.0,29.0,11.36,3.24
Muhammed Lasege,2002,PF/C,80.75,228.0,108.5,86.0,27.5,30.0,12.96,3.29
Steve Logan,2002,PG,70.0,207.0,92.5,71.75,30.4,36.4,11.1,3.2
Kevin Lyde,2002,PF/C,80.75,278.0,109.5,86.0,27.5,30.5,12.97,3.36
Tito Maddox,2002,PG,75.0,200.0,99.0,77.0,27.0,32.5,12.2,3.24
Kei Madison,2002,SF,79.75,216.0,107.0,84.5,27.5,34.5,11.74,3.22
Immanuel McElroy,2002,SG,74.25,191.0,100.0,78.5,30.2,36.1,11.1,3.2
Aaron McGhee,2002,SF/PF,79.0,255.0,105.5,82.0,26.0,28.5,12.24,3.4
Elvin Mims,2002,SG/SF,76.25,211.0,105.5,85.5,32.0,38.0,11.17,3.22
Byron Mouton,2002,SG/SF,76.5,213.0,102.0,82.25,24.0,30.0,11.84,3.1
Ronald Murray,2002,SG,75.0,197.0,100.5,79.5,31.0,36.5,11.13,3.16
Uche Okafor,2002,PF/C,81.0,229.0,112.0,89.5,24.5,25.0,14.45,3.34
Chris Owens,2002,SF/PF,79.0,237.0,104.0,83.5,28.6,33.3,11.6,3.3
Jannero Pargo,2002,PG,72.25,168.0,96.0,74.5,25.5,29.5,11.11,3.2
Smush Parker,2002,PG/SG,74.5,179.0,107.5,82.0,21.0,28.5,12.3,3.26
Luke Recker,2002,SG/SF,76.75,198.0,101.0,79.0,25.5,31.0,10.78,3.27
Rolan Roberts,2002,PF,77.75,241.0,105.5,85.0,32.5,37.5,11.36,3.33
Travis Robinson,2002,SF,77.25,211.0,104.5,82.5,26.0,33.0,11.96,3.43
Kareem Rush,2002,SG/SF,76.75,199.0,103.5,81.75,26.0,30.0,11.86,3.22
Brooks Sales,2002,PF/C,81.0,232.0,108.0,82.0,26.0,29.5,11.05,3.29
John Salmons,2002,SG/SF,77.5,207.0,104.0,82.25,30.5,34.5,11.35,3.25
Predrag Savovic,2002,SG,76.75,212.0,102.0,79.0,22.5,28.5,10.94,3.38
Julian Sensley,2002,SF/PF,79.0,228.0,105.5,83.5,27.5,31.5,11.85,3.32
Israel Sheinfeld,2002,PF/C,80.25,239.0,106.5,81.75,28.4,33.0,11.7,3.3
Preston Shumpert,2002,SF,78.0,197.0,103.5,80.5,28.5,29.0,11.03,3.24
Tamar Slay,2002,SF,78.75,203.0,104.0,83.5,32.5,38.0,10.94,3.09
Darius Songaila,2002,PF,80.0,240.0,108.5,85.0,24.5,29.5,11.69,3.52
Amar'e Stoudemire,2002,PF,80.5,233.0,108.5,85.75,32.0,35.5,11.19,3.25
Marcus Taylor,2002,PG,73.0,181.0,98.5,76.5,27.5,33.5,11.25,3.31
Jobey Thomas,2002,SG,74.75,183.0,99.5,77.75,26.0,32.0,11.46,3.3
Dajuan Wagner,2002,PG/SG,72.75,193.0,99.0,74.0,28.0,35.0,12.03,3.22
Chris Wilcox,2002,PF/C,80.25,218.0,107.5,85.0,31.0,34.5,11.43,3.16
Frank Williams,2002,PG,73.5,212.0,100.5,80.0,26.0,31.0,11.73,3.29
George Williams,2002,SF/PF,77.75,214.0,103.0,84.5,33.5,39.0,11.21,3.24
Jay Williams,2002,PG,72.25,197.0,97.0,75.5,28.5,36.0,10.34,3.09
Qyntel Woods,2002,SG/SF,79.0,213.0,105.0,82.0,33.5,34.5,11.94,3.23
Vincent Yarbrough,2002,SF,77.5,202.0,104.5,84.5,30.0,34.0,11.7,3.32
Adam Allenspach,2001,C,83.5,259.0,107.0,84.5,28.5,31.0,11.9,3.4
Gilbert Arenas,2001,SG,74.25,199.0,99.5,81.5,31.5,36.0,11.2,3.25
Brandon Armstrong,2001,SG,75.5,188.0,99.5,81.5,30.0,37.0,10.91,3.2
Shane Battier,2001,SF/PF,80.25,229.0,105.0,82.5,29.5,33.0,10.95,3.3
Cookie Belcher,2001,PG/SG,75.0,206.0,99.0,80.5,35.0,41.5,11.26,2.91
Charlie Bell,2001,PG,74.5,200.0,97.5,79.5,31.5,38.0,10.59,3.12
Ruben Boumtje-Boumtje,2001,C,83.5,245.0,111.0,88.0,26.5,31.0,11.84,3.33
Calvin Bowman,2001,PF,80.75,214.0,104.0,83.5,28.5,34.5,11.96,3.21
Michael Bradley,2001,PF,81.5,227.0,107.0,85.5,27.0,30.0,11.11,3.35
Jamison Brewer,2001,PG,74.5,178.0,102.5,80.75,26.0,32.5,9.65,3.15
Damone Brown,2001,SF,80.25,202.0,104.5,83.75,32.0,37.0,11.81,3.27
Kwame Brown,2001,PF/C,82.0,243.0,108.0,85.0,30.0,33.0,11.59,3.45
SirValiant Brown,2001,PG,71.0,176.0,92.5,76.0,31.0,39.5,11.23,3.0
Ryan Carroll,2001,SG/SF,76.0,202.0,99.0,80.25,34.5,39.0,11.0,3.1
Tyson Chandler,2001,SF/PF,83.5,224.0,110.0,87.0,31.0,33.5,12.13,3.36
Eric Chenowith,2001,C,85.0,264.0,111.0,88.0,23.5,27.5,12.5,3.59
Sam Clancy,2001,PF,78.25,242.0,107.0,86.75,31.0,34.0,11.47,3.13
Gyasi Cline-Heard,2001,PF,78.25,231.0,103.0,83.5,31.5,34.5,11.4,3.23
Jarron Collins,2001,PF/C,81.25,252.0,104.0,87.0,23.0,29.0,11.65,3.6
Jason Collins,2001,PF/C,82.25,251.0,110.0,88.5,25.5,28.5,12.1,3.54
Omar Cook,2001,PG,71.5,189.0,92.0,77.5,31.0,35.5,10.77,3.2
Eddy Curry,2001,C,82.5,301.0,111.0,90.5,28.0,31.0,12.25,3.53
Tate Decker,2001,SF,81.25,218.0,107.0,83.75,25.5,28.5,12.19,3.47
DeSagana Diop,2001,C,82.0,314.0,113.0,90.5,21.5,25.5,12.37,3.56
Robb Dryden,2001,C,85.0,241.0,110.3,86.5,27.0,30.0,12.47,3.46
Anthony Evans,2001,PF,78.0,267.0,101.5,83.5,31.5,33.0,12.56,3.31
Maurice Evans,2001,SG,76.25,221.0,101.0,80.0,34.5,37.5,10.08,3.12
Benjamin Eze,2001,PF/C,80.75,232.0,109.0,90.0,29.0,32.0,13.05,3.36
Kimani Ffriend,2001,PF/C,81.5,228.0,108.5,82.75,32.0,33.0,11.46,3.09
Alton Ford,2001,PF,80.25,271.0,102.5,82.5,34.5,36.5,11.7,3.16
Joseph Forte,2001,SG,75.5,193.0,100.5,78.5,26.5,33.0,11.51,3.19
Jerry Green,2001,PG/SG,73.5,179.0,99.0,78.25,28.5,35.0,11.7,3.17
Kenny Gregory,2001,SF,75.5,200.0,101.0,83.25,39.5,45.5,11.33,3.1
Eddie Griffin,2001,SF/PF,81.25,222.0,110.0,87.0,26.5,33.0,11.77,3.21
Trenton Hassell,2001,SG/SF,76.25,205.0,99.5,80.0,35.5,37.5,11.57,3.29
Kirk Haston,2001,SF/PF,80.0,242.0,106.0,84.25,27.0,31.5,12.25,3.35
Charles Hathaway,2001,C,80.0,274.0,107.5,86.0,27.7,31.7,11.9,3.4
Brendan Haywood,2001,C,83.75,266.0,113.5,90.5,27.0,28.5,12.87,3.5
Michael Hicks,2001,SG,76.0,197.0,100.5,81.25,33.0,40.5,11.38,3.19
Steven Hunter,2001,PF/C,82.25,224.0,108.0,88.0,30.5,38.5,11.99,3.15
Andre Hutson,2001,PF,80.25,244.0,105.5,83.75,29.0,32.5,11.25,3.3
Nate James,2001,SF,76.75,196.0,103.0,82.75,26.0,31.0,11.42,3.31
Richard Jefferson,2001,SF,79.25,223.0,103.0,84.0,33.0,38.5,11.19,3.15
Horace Jenkins,2001,PG,71.75,171.0,97.0,77.25,34.5,41.0,10.97,3.1
Darrell Johns,2001,C,83.25,278.0,111.5,89.0,23.5,30.0,12.41,3.59
Joe Johnson,2001,SG/SF,78.75,226.0,105.0,81.0,32.5,36.5,12.05,3.4
Ken Johnson,2001,C,82.75,227.0,109.5,88.0,32.5,35.0,11.27,3.12
Darren Kelly,2001,PG/SG,74.0,178.0,100.0,78.75,30.5,34.5,11.38,3.21
Sean Lampley,2001,SF,77.5,213.0,101.0,81.25,36.0,40.0,11.06,3.12
Zach Marbury,2001,PG/SG,73.25,183.0,96.5,75.5,33.0,36.5,11.53,3.1
Mike Mardesich,2001,PF/C,82.25,247.0,108.5,84.5,24.0,30.0,11.65,3.45
DeMarcus Minor,2001,SG,75.25,207.0,99.5,80.25,29.0,41.0,10.57,3.15
Jamario Moon,2001,SF,78.5,185.0,103.0,83.5,33.0,43.0,11.64,3.08
Troy Murphy,2001,PF,81.75,230.0,105.5,83.0,28.5,34.5,11.22,3.43
Troy Ostler,2001,SF/PF,80.75,200.0,106.5,85.5,26.5,29.5,13.42,3.5
Lazaros Papadopoulos,2001,PF/C,82.25,227.0,110.5,86.5,23.0,26.0,12.0,3.7
Rashad Phillips,2001,PG,69.0,166.0,92.0,73.5,27.0,32.0,11.93,3.27
Demetrius Porter,2001,PG,70.75,178.0,94.0,74.75,26.0,31.0,11.5,3.34
Martin Rancik,2001,SF/PF,80.75,230.0,102.5,80.0,32.0,37.0,10.77,3.19
Jason Richardson,2001,SG/SF,76.75,213.0,102.5,83.5,32.5,39.5,11.75,3.12
Norman Richardson,2001,SG,75.5,180.0,99.0,76.5,30.5,35.5,10.97,3.15
Jeryl Sasser,2001,PG/SG,77.5,194.0,103.5,82.5,29.0,34.0,11.47,3.22
Kenny Satterfield,2001,PG,73.0,176.0,98.0,76.5,28.5,33.0,12.05,3.2
Brian Scalabrine,2001,SF/PF,80.75,241.0,105.5,81.75,27.0,30.5,11.75,3.47
Lee Scruggs,2001,SF/PF,82.25,209.0,110.5,89.75,23.5,29.5,13.28,3.55
Bobby Simmons,2001,SF,78.25,235.0,105.0,84.25,27.5,34.0,11.69,3.41
Will Solomon,2001,PG/SG,71.75,172.0,99.5,81.5,28.5,35.0,11.3,3.22
Greg Stevenson,2001,SF,75.75,215.0,102.0,84.5,30.0,35.5,11.29,3.23
Damone Thornton,2001,PF,78.75,235.0,103.8,85.75,33.5,37.5,11.17,3.2
Jamaal Tinsley,2001,PG,72.75,199.0,97.5,79.5,28.0,37.5,11.96,3.2
Tory Walker,2001,SF,78.75,187.0,104.5,83.25,28.0,33.0,11.95,3.25
Souleymane Wane,2001,C,80.5,235.0,109.0,89.0,29.0,30.5,12.02,3.46
Earl Watson,2001,PG,72.0,184.0,97.0,78.75,32.5,37.5,10.97,3.19
Rodney White,2001,SF,79.5,243.0,104.5,83.5,27.5,33.0,12.07,3.47
Loren Woods,2001,PF/C,84.75,246.0,113.0,89.5,24.5,28.0,11.83,3.48
Brent Wright,2001,SF/PF,79.75,236.0,105.5,85.5,23.0,29.0,12.25,3.3
Michael Wright,2001,PF,79.0,247.0,106.5,83.5,27.5,33.5,11.37,3.21
Malik Allen,2000,PF/C,80.25,271.0,109.0,86.5,25.5,29.0,11.83,3.38
Harold Arceneaux,2000,SG/SF,76.5,219.0,103.0,80.5,29.3,29.0,13.8,3.3
Lamont Barnes,2000,PF/C,80.5,235.5,108.0,87.5,28.0,29.5,12.3,3.4
Mario Bland,2000,PF,77.5,287.0,103.0,84.0,27.0,31.0,13.04,3.47
Primoz Brezec,2000,C,84.75,243.0,110.0,86.0,26.0,29.5,11.53,3.55
Ernest Brown,2000,C,82.0,222.5,109.5,85.25,28.5,33.2,11.6,3.3
Speedy Claxton,2000,PG,70.5,166.0,94.5,72.0,36.0,42.5,10.48,3.06
Eric Coley,2000,SG/SF,76.0,205.0,102.0,83.0,35.0,38.0,11.4,3.15
Ed Cota,2000,PG,72.25,189.0,96.5,76.0,26.5,33.5,10.98,3.24
Schea Cotton,2000,SF,76.25,219.5,100.0,79.0,34.0,38.0,11.55,3.0
Jamal Crawford,2000,PG/SG,76.5,175.0,102.5,82.0,30.2,36.2,11.1,3.2
Caswell Cyrus,2000,PF,79.75,220.5,107.5,86.0,33.5,37.5,12.12,3.16
Julius Doc Robinson,2000,PG,72.0,184.0,95.5,75.75,30.0,37.5,12.54,3.41
Khalid El-Amin,2000,PG,69.0,200.0,93.0,73.5,27.5,32.0,10.59,3.32
Vassil Evtimov,2000,PF,81.75,262.0,106.5,82.5,21.0,28.5,11.75,3.52
Antonis Fotsis,2000,SF,81.25,219.0,106.0,80.5,27.0,30.0,11.6,3.44
Eddie Gill,2000,PG,71.75,176.0,93.0,76.0,35.0,38.5,11.12,3.18
Ceedric Goodwyn,2000,SF/PF,78.0,238.0,104.5,82.0,28.7,33.5,11.6,3.3
Marcus Goree,2000,SF/PF,79.5,239.0,105.5,84.5,29.5,33.5,12.0,3.25
A.J. Granger,2000,SF,79.5,227.0,103.0,81.5,30.0,34.0,10.73,3.25
A.J. Guyton,2000,PG/SG,72.75,175.0,97.5,75.75,33.0,37.5,10.55,3.22
Ron Hale,2000,SG/SF,79.5,202.0,104.5,83.0,29.5,34.5,12.58,3.2
Jason Hart,2000,PG,73.75,181.0,97.5,78.0,29.5,33.5,11.7,3.34
Donnell Harvey,2000,PF,79.25,220.0,105.5,84.5,33.0,32.5,11.23,3.3
Johnny Hemsley,2000,SG/SF,74.75,200.0,100.5,80.0,31.5,35.0,11.5,3.19
Michael Hermon,2000,PG/SG,74.75,195.0,98.5,78.25,29.0,33.0,11.79,3.25
Cory Hightower,2000,SG/SF,77.5,183.0,101.5,83.0,29.5,34.5,11.92,3.37
Shaheen Holloway,2000,PG,69.5,174.0,91.0,70.0,31.2,37.8,11.22,3.32
Eddie House,2000,PG/SG,71.75,176.5,95.0,75.5,29.5,38.5,11.12,3.27
Jimmie Hunter,2000,PG/SG,75.0,170.0,100.0,80.0,29.0,36.0,11.23,3.35
Jacob Jaacks,2000,PF,81.25,238.0,105.5,83.0,26.0,32.0,11.48,3.58
Marko Jaric,2000,SG/SF,78.5,210.0,104.0,81.0,27.5,33.0,11.32,3.28
Nate Johnson,2000,SF,78.5,211.5,104.0,80.5,27.0,33.5,11.9,3.33
Kenyon Jones,2000,PF/C,81.0,282.0,108.0,85.0,28.5,30.0,12.44,3.6
Mark Karcher,2000,SG,76.0,218.0,102.5,80.0,27.5,30.5,11.51,3.4
Brandon Kurtz,2000,PF/C,81.5,257.0,106.5,83.25,27.8,32.0,11.9,3.4
Dan Langhi,2000,SF,81.0,197.5,104.0,80.0,31.0,34.5,10.85,3.24
Justin Love,2000,PG/SG,73.5,205.5,97.5,76.5,31.0,38.5,10.99,3.31
Mark Madsen,2000,PF,80.0,236.5,104.5,84.5,30.5,33.5,12.12,3.46
Dan McClintock,2000,PF/C,83.0,250.0,107.0,85.5,33.0,35.0,11.52,3.33
Pete Mickeal,2000,SG/SF,77.0,222.0,103.5,81.5,28.0,34.5,10.83,3.06
Brian Montonati,2000,PF,80.75,215.0,106.0,82.5,25.0,29.0,11.85,3.53
Gabe Muoneke,2000,SF/PF,78.25,244.0,105.0,84.5,30.5,34.0,11.0,3.4
Ndongo N'diaye,2000,C,83.5,208.0,112.5,87.5,24.5,27.5,13.16,3.69
Eduardo Najera,2000,SF/PF,78.5,234.5,104.5,83.5,28.0,35.0,11.38,3.45
Matthew Nielsen,2000,PF,81.0,223.0,106.0,82.5,26.0,29.0,11.28,3.35
Chris Porter,2000,SF/PF,77.5,214.0,103.5,81.5,28.5,35.0,10.93,3.2
Lavor Postell,2000,SG,76.5,205.0,101.5,80.5,33.5,36.5,11.79,3.3
Igor Rakocevic,2000,PG,74.5,184.0,100.0,77.25,27.5,34.0,10.4,3.1
Reed Rawlings,2000,SG/SF,78.25,218.0,104.0,81.25,28.5,33.5,11.1,3.27
Michael Redd,2000,SG/SF,76.75,214.0,102.0,81.0,27.0,31.0,12.06,3.34
Damon Reed,2000,PF/C,80.5,228.0,104.5,81.5,27.5,31.5,11.21,3.31
Aubrey Reese,2000,PG,70.75,189.0,94.5,77.5,31.5,37.5,11.13,3.25
Terrance Roberson,2000,SF,77.5,209.0,103.5,80.0,29.0,32.5,11.66,3.3
Pepe Sanchez,2000,PG,75.0,194.0,96.0,75.5,26.0,31.0,11.62,3.44
Matt Santangelo,2000,PG,72.0,177.0,94.0,75.0,33.5,43.0,10.66,3.06
Alex Scales,2000,PG/SG,74.25,184.5,97.5,81.0,38.5,42.5,10.98,3.21
Karim Shabazz,2000,C,83.5,224.0,111.5,87.0,24.5,28.0,12.72,3.36
Nick Sheppard,2000,PF/C,81.5,273.0,107.5,83.0,23.5,25.5,12.14,3.52
Jabari Smith,2000,PF/C,81.75,240.5,109.5,86.5,24.5,30.0,12.45,3.43
Mike Smith,2000,SF,78.5,198.0,103.0,80.5,33.0,21.0,11.32,3.22
Jarrett Stephens,2000,PF,77.25,258.0,103.0,81.25,27.0,29.0,11.98,3.46
Bootsy Thornton,2000,SG,75.5,194.5,101.5,78.5,26.5,31.0,12.08,3.33
Jaquay Walls,2000,PG,73.25,165.5,96.5,74.5,28.5,35.5,10.75,3.23
Jameel Watkins,2000,PF/C,81.5,244.5,110.0,90.0,28.0,30.5,12.38,3.45
